ProductionDate,BatchID,Product,MachineID,OperatorID,Shift,ProductionTime_min,Temperature_C,Humidity_pct,Pressure_kPa,Speed_units_per_min,QualityScore,DefectCount,QualityLabel
2024-04-12,B1000,A,M3,O12,Morning,33.1,26.2,45.08,98.84,48.31,77.0,3,Pass
2024-12-14,B1000,A,M1,O4,Afternoon,19.4,23.66,45.14,101.92,50.62,78.56,1,Pass
2024-09-27,B1000,A,M2,O2,Morning,24.8,17.37,51.24,101.16,54.72,78.57,1,Pass
2024-04-16,B1000,B,M1,O12,Night,26.9,22.4,43.74,99.38,52.85,95.21,0,Pass
2024-03-12,B1000,A,M1,O6,Afternoon,21.5,20.22,50.96,100.13,60.41,84.91,1,Pass
2024-07-07,B1000,A,M5,O11,Morning,27.0,22.7,44.07,100.96,68.83,94.98,0,Pass
2024-01-21,B1000,B,M2,O2,Morning,21.6,18.35,44.62,100.25,70.83,77.49,2,Pass
2024-04-12,B1000,A,M5,O12,Morning,31.0,21.37,,101.93,56.08,79.63,1,Pass
2024-05-01,B1000,B,M2,O7,Afternoon,22.6,20.45,60.95,101.63,40.38,81.27,1,Pass
2024-08-02,B1000,B,M4,O3,Morning,30.2,20.36,,101.59,47.52,77.5,1,Pass
2024-11-26,B1001,C,M4,O3,Afternoon,37.0,20.39,57.47,99.22,53.76,85.79,1,Pass
2024-03-28,B1001,B,M3,O5,Morning,34.7,21.59,63.99,100.88,45.06,83.38,0,Pass
2024-04-09,B1001,A,M3,O3,Afternoon,29.5,22.86,65.57,100.74,73.69,77.88,1,Pass
2024-12-25,B1001,B,M3,O2,Night,24.1,14.5,55.2,100.54,45.85,94.49,0,Pass
2024-05-31,B1001,A,M2,O10,Night,31.0,14.87,39.43,100.97,67.4,91.45,0,Pass
2024-05-10,B1001,A,M5,O9,Night,25.8,20.98,56.3,100.4,39.82,81.71,1,Pass
2024-05-29,B1001,B,M5,O2,Morning,31.2,21.41,41.31,101.47,67.89,85.69,2,Pass
2024-11-04,B1001,A,M5,O11,Morning,19.7,22.57,46.57,101.91,58.33,92.06,0,Pass
2024-09-14,B1001,B,M1,O2,Afternoon,34.8,19.82,,101.84,78.15,92.45,0,Pass
2024-12-09,B1001,C,M4,O8,Morning,30.2,22.03,41.95,101.19,46.42,87.99,1,Pass
2024-10-20,B1002,C,M5,O9,Afternoon,43.3,22.38,38.54,102.9,53.23,93.14,0,Pass
2024-07-10,B1002,C,M1,O7,Morning,37.8,19.8,54.66,102.21,55.55,93.9,0,Pass
2024-10-03,B1002,A,M1,O3,Morning,33.4,25.04,68.67,101.22,58.17,63.76,2,Fail
2024-06-09,B1002,A,M4,O9,Morning,29.3,22.53,62.43,100.91,55.85,81.34,0,Pass
2024-11-09,B1002,B,M3,O3,Night,25.6,23.64,57.07,102.37,56.08,81.95,1,Pass
2024-01-22,B1002,A,M5,O5,Morning,35.7,22.21,59.79,102.11,55.88,86.74,1,Pass
2024-09-09,B1002,B,M1,O9,Afternoon,28.6,28.31,,100.17,35.15,86.9,2,Pass
2024-08-23,B1002,B,M4,O12,Morning,37.0,23.79,54.5,102.17,71.92,82.0,1,Pass
2024-12-10,B1002,B,M2,O3,Afternoon,32.4,,58.99,101.18,94.33,84.05,2,Pass
2024-02-18,B1002,A,M1,O7,Morning,32.4,24.46,36.32,100.61,63.58,96.69,0,Pass
2024-02-28,B1003,A,M1,O12,Night,33.6,17.09,51.99,99.72,46.37,86.97,0,Pass
2024-06-18,B1003,A,M5,O1,Night,24.5,22.36,49.19,101.08,47.59,79.42,0,Pass
2024-07-06,B1003,A,M4,O4,Morning,23.9,22.96,50.79,101.29,67.36,81.74,0,Pass
2024-09-27,B1003,C,M3,O4,Night,23.7,22.39,45.39,102.57,64.63,83.75,0,Pass
2024-07-08,B1003,A,M2,O7,Night,36.3,21.0,55.2,102.07,56.59,81.53,1,Pass
2024-06-23,B1003,A,M5,O8,Night,24.3,18.96,41.82,100.83,69.04,97.4,0,Pass
2024-02-20,B1003,A,M2,O1,Night,25.1,19.63,44.66,101.61,35.23,93.6,1,Pass
2024-12-29,B1003,B,M5,O5,Morning,33.2,22.31,43.46,101.96,69.05,91.77,1,Pass
2024-02-24,B1003,B,M3,O7,Afternoon,28.5,18.66,,101.37,62.85,92.03,0,Pass
2024-08-31,B1003,A,M2,O12,Morning,27.7,27.31,49.88,100.83,48.05,86.46,1,Pass
2024-11-15,B1004,A,M3,O4,Morning,27.2,14.08,45.39,100.87,42.8,90.0,0,Pass
2024-05-10,B1004,A,M2,O4,Night,16.0,21.03,46.27,101.61,61.46,87.43,3,Pass
2024-11-02,B1004,A,M4,O4,Morning,24.2,22.33,50.04,101.63,76.89,74.68,0,Pass
2024-05-14,B1004,B,M3,O12,Afternoon,37.1,23.52,66.22,101.07,57.26,71.69,0,Pass
2024-01-21,B1004,B,M2,O6,Night,26.8,19.25,37.63,99.2,49.77,85.22,1,Pass
2024-11-24,B1004,A,M5,O7,Night,18.6,25.4,56.76,100.27,62.3,84.48,0,Pass
2024-06-15,B1004,A,M2,O2,Night,24.0,17.82,54.72,101.8,81.85,80.6,0,Pass
2024-09-30,B1004,C,M3,O5,Morning,32.2,20.3,41.17,99.6,65.18,87.78,1,Pass
2024-03-29,B1004,A,M5,O4,Morning,32.0,23.86,64.67,102.25,66.47,80.38,1,Pass
2024-11-11,B1004,B,M4,O3,Afternoon,28.2,25.12,55.39,102.13,74.67,82.53,0,Pass
2024-01-14,B1005,A,M1,O7,Morning,25.9,17.79,44.92,101.33,65.67,100.0,0,Pass
2024-08-29,B1005,A,M5,O11,Morning,21.6,29.94,31.41,101.78,50.63,85.5,0,Pass
2024-09-21,B1005,A,M4,O12,Morning,32.2,19.31,52.29,101.72,39.07,84.02,1,Pass
2024-12-11,B1005,B,M2,O6,Night,35.0,18.06,49.55,101.21,48.94,91.73,0,Pass
2024-02-22,B1005,C,M1,O7,Afternoon,37.7,23.51,39.69,100.2,46.74,98.12,0,Pass
2024-12-05,B1005,A,M4,O5,Morning,23.3,20.96,39.56,102.07,67.91,83.48,1,Pass
2024-04-01,B1005,A,M4,O6,Afternoon,38.2,20.51,58.69,102.43,69.58,92.05,0,Pass
2024-09-20,B1005,A,M3,O5,Morning,29.7,23.79,30.44,100.33,62.11,97.41,1,Pass
2024-02-04,B1005,A,M5,O7,Morning,30.2,17.42,53.14,100.17,44.78,94.64,0,Pass
2024-07-24,B1005,A,M4,O2,Night,35.4,16.89,48.13,101.19,81.44,80.25,1,Pass
2024-03-21,B1006,A,M1,O11,Afternoon,26.8,20.21,54.97,100.8,55.01,81.94,0,Pass
2024-02-19,B1006,B,M2,O5,Night,17.0,25.23,47.06,101.42,67.24,87.28,2,Pass
2024-12-25,B1006,A,M2,O6,Morning,34.2,20.34,52.93,102.27,60.59,86.9,1,Pass
2024-01-02,B1006,A,M4,O6,Night,32.1,26.8,42.57,99.5,62.5,88.32,0,Pass
2024-02-23,B1006,C,M1,O5,Afternoon,27.8,25.6,49.51,102.57,66.82,95.43,0,Pass
2024-04-15,B1006,A,M3,O10,Afternoon,33.7,22.85,54.89,100.97,51.65,77.21,0,Pass
2024-09-16,B1006,C,M4,O7,Afternoon,35.0,23.02,51.51,101.71,75.66,72.77,2,Pass
2024-11-05,B1006,A,M5,O10,Night,20.9,22.85,53.8,101.79,41.05,83.5,4,Pass
2024-07-09,B1006,C,M2,O8,Afternoon,30.1,22.48,40.72,101.89,47.54,88.81,2,Pass
2024-08-05,B1006,B,M5,O7,Afternoon,16.3,20.9,44.09,101.35,75.51,93.66,1,Pass
2024-02-13,B1007,C,M1,O5,Night,29.3,21.25,44.27,101.54,67.08,98.67,0,Pass
2024-06-10,B1007,C,M5,O1,Night,27.8,18.79,47.24,101.53,90.48,90.28,0,Pass
2024-07-20,B1007,A,M1,O5,Afternoon,33.0,,63.59,100.8,60.82,94.0,0,Pass
2024-09-26,B1007,C,M2,O10,Afternoon,23.6,25.31,46.46,99.89,80.41,72.14,0,Pass
2024-12-16,B1007,A,M4,O2,Morning,27.5,22.47,38.56,100.32,37.71,86.41,1,Pass
2024-10-30,B1007,A,M1,O5,Morning,10.7,22.02,55.42,101.22,43.04,92.66,0,Pass
2024-09-27,B1007,A,M2,O5,Afternoon,33.3,23.2,63.47,100.67,70.75,85.51,0,Pass
2024-08-02,B1007,B,M4,O2,Night,29.5,19.51,37.39,100.67,39.12,90.26,1,Pass
2024-09-08,B1007,A,M4,O5,Night,30.5,19.0,69.73,102.74,57.63,78.58,2,Pass
2024-07-08,B1007,B,M4,O4,Morning,21.0,21.15,54.15,101.99,74.01,74.61,2,Pass
2024-10-22,B1008,B,M4,O1,Afternoon,32.4,26.1,60.34,101.1,66.01,85.42,1,Pass
2024-07-31,B1008,B,M3,O3,Morning,39.9,18.49,64.67,101.84,60.13,82.65,1,Pass
2024-07-26,B1008,C,M2,O1,Night,28.9,14.12,59.73,100.96,54.61,71.89,2,Pass
2024-08-24,B1008,A,M2,O12,Night,33.9,20.44,48.89,101.39,62.43,88.95,1,Pass
2024-12-03,B1008,A,M1,O11,Afternoon,24.8,25.43,62.18,101.65,66.93,87.07,1,Pass
2024-02-22,B1008,A,M5,O5,Night,29.5,16.8,52.55,100.97,52.07,81.37,1,Pass
2024-10-06,B1008,A,M3,O4,Afternoon,20.8,18.46,60.9,100.75,64.46,80.72,0,Pass
2024-08-04,B1008,A,M3,O7,Afternoon,34.7,22.79,62.0,102.28,72.94,87.16,0,Pass
2024-09-08,B1008,A,M3,O5,Morning,31.0,29.71,39.09,101.79,57.33,80.05,1,Pass
2024-07-06,B1008,A,M5,O10,Afternoon,22.7,17.93,57.94,99.5,60.82,81.94,1,Pass
2024-02-10,B1009,C,M1,O4,Afternoon,25.2,17.81,48.18,100.77,65.81,84.63,0,Pass
2024-06-05,B1009,B,M3,O2,Afternoon,30.4,23.02,51.38,100.67,66.62,79.08,2,Pass
2024-01-15,B1009,A,M3,O4,Morning,35.5,25.61,51.27,100.8,70.54,80.41,2,Pass
2024-10-27,B1009,B,M4,O12,Night,38.9,20.13,50.87,101.99,47.83,88.0,0,Pass
2024-03-05,B1009,A,M1,O2,Morning,29.2,17.14,65.24,101.32,53.65,87.09,0,Pass
2024-12-10,B1009,A,M5,O8,Afternoon,21.8,23.3,36.34,100.19,54.1,85.96,1,Pass
2024-11-22,B1009,B,M5,O3,Afternoon,31.4,23.84,32.78,100.99,49.15,100.0,0,Pass
2024-01-09,B1009,A,M3,O9,Afternoon,40.7,27.34,30.67,101.73,38.42,86.47,0,Pass
2024-12-09,B1009,A,M4,O4,Afternoon,20.3,23.97,60.69,101.12,20.95,87.8,0,Pass
2024-05-08,B1009,C,M5,O6,Morning,24.3,24.48,42.27,100.78,74.35,89.63,0,Pass
2024-05-15,B1010,C,M4,O10,Morning,33.7,21.21,51.32,101.56,,82.86,1,Pass
2024-03-03,B1010,B,M1,O5,Afternoon,30.9,29.32,48.85,102.59,78.8,89.8,2,Pass
2024-05-18,B1010,B,M3,O10,Afternoon,26.7,20.81,41.14,101.67,68.87,85.91,1,Pass
2024-03-21,B1010,B,M4,O1,Morning,31.3,20.16,58.51,102.34,55.13,91.93,2,Pass
2024-06-11,B1010,A,M3,O9,Afternoon,35.9,27.43,48.73,100.84,67.4,86.89,1,Pass
2024-10-15,B1010,A,M4,O1,Afternoon,29.4,17.58,47.62,101.29,65.1,77.69,2,Pass
2024-09-17,B1010,A,M5,O8,Afternoon,28.9,16.46,52.33,101.28,46.78,93.88,0,Pass
2024-08-18,B1010,A,M5,O9,Night,33.5,22.36,57.21,101.39,59.82,91.39,0,Pass
2024-02-10,B1010,B,M3,O9,Morning,28.4,21.99,40.41,101.65,48.24,96.76,0,Pass
2024-01-28,B1010,A,M1,O1,Morning,36.9,21.32,58.73,100.56,67.85,82.57,0,Pass
2024-05-14,B1011,C,M5,O2,Night,42.2,24.98,64.5,101.82,51.42,69.48,1,Fail
2024-07-19,B1011,C,M5,O12,Afternoon,24.6,19.28,35.74,100.0,58.84,100.0,0,Pass
2024-11-23,B1011,B,M1,O1,Afternoon,22.5,22.19,52.78,100.23,58.32,92.7,1,Pass
2024-09-24,B1011,B,M5,O10,Night,32.2,20.92,46.95,103.01,61.46,80.98,1,Pass
2024-02-02,B1011,C,M5,O2,Night,22.3,19.33,56.99,100.89,79.95,84.27,0,Pass
2024-02-17,B1011,A,M3,O10,Night,22.2,21.81,37.83,101.88,57.11,92.84,0,Pass
2024-03-02,B1011,B,M3,O12,Afternoon,17.7,24.56,66.29,102.66,74.62,80.91,3,Pass
2024-08-03,B1011,A,M2,O8,Afternoon,27.7,28.36,33.92,99.45,65.76,79.05,1,Pass
2024-10-19,B1011,B,M1,O5,Afternoon,29.8,23.74,47.56,102.2,77.02,91.93,2,Pass
2024-04-08,B1011,A,M2,O12,Morning,26.9,14.47,54.34,101.82,55.94,87.66,0,Pass
2024-06-20,B1012,C,M5,O11,Afternoon,38.3,21.89,43.14,102.61,68.35,88.5,0,Pass
2024-12-25,B1012,C,M1,O7,Morning,37.9,22.15,41.57,100.35,59.29,94.89,0,Pass
2024-08-01,B1012,A,M2,O2,Night,41.6,24.81,52.22,102.46,,65.25,2,Fail
2024-02-04,B1012,A,M2,O8,Afternoon,30.3,22.55,50.78,100.71,46.92,74.42,1,Pass
2024-08-14,B1012,C,M3,O11,Afternoon,37.1,25.76,50.06,102.14,66.99,88.35,0,Pass
2024-04-10,B1012,A,M5,O6,Morning,31.9,23.18,58.59,101.27,66.2,87.03,1,Pass
2024-05-10,B1012,C,M2,O8,Morning,31.3,26.68,46.06,101.92,44.46,85.09,2,Pass
2024-09-13,B1012,B,M2,O1,Morning,27.2,20.68,53.2,101.34,62.64,83.46,1,Pass
2024-01-05,B1012,A,M4,O1,Afternoon,16.4,22.43,44.93,99.83,,84.08,1,Pass
2024-08-05,B1012,A,M3,O12,Morning,33.8,24.48,41.51,98.8,59.58,91.79,0,Pass
2024-09-11,B1013,A,M2,O7,Afternoon,36.9,20.28,47.15,101.47,68.75,84.1,0,Pass
2024-12-24,B1013,B,M3,O8,Night,20.8,19.63,45.01,101.09,67.11,88.06,0,Pass
2024-10-09,B1013,A,M1,O3,Night,29.9,20.11,45.51,101.62,59.58,84.26,0,Pass
2024-07-25,B1013,B,M1,O5,Afternoon,35.9,19.75,61.65,101.1,53.87,89.46,0,Pass
2024-01-15,B1013,A,M3,O12,Morning,27.8,23.57,,102.91,72.51,84.34,2,Pass
2024-12-11,B1013,B,M3,O1,Night,37.2,16.5,43.37,101.48,65.56,91.56,0,Pass
2024-02-11,B1013,C,M5,O7,Night,29.2,17.33,50.28,100.94,43.42,79.5,1,Pass
2024-06-27,B1013,C,M2,O5,Morning,26.8,27.59,51.04,101.57,62.65,81.34,1,Pass
2024-03-03,B1013,A,M3,O8,Afternoon,37.5,19.82,38.13,100.96,46.19,94.01,0,Pass
2024-12-17,B1013,C,M4,O8,Morning,24.4,22.6,47.02,101.37,48.43,72.48,3,Pass
2024-08-18,B1014,B,M1,O9,Night,25.7,17.53,46.61,100.33,52.18,91.87,0,Pass
2024-08-28,B1014,B,M4,O7,Night,24.6,22.28,48.28,101.29,60.54,80.63,2,Pass
2024-02-21,B1014,C,M1,O11,Morning,23.1,19.84,57.26,100.92,64.49,89.32,1,Pass
2024-04-05,B1014,A,M5,O1,Night,30.9,17.31,51.37,100.4,55.09,92.97,0,Pass
2024-08-09,B1014,A,M1,O3,Afternoon,26.9,26.01,62.28,102.88,55.62,67.76,1,Fail
2024-08-18,B1014,C,M3,O8,Night,32.9,25.55,49.88,100.43,53.96,91.4,0,Pass
2024-08-24,B1014,A,M1,O3,Afternoon,19.6,21.68,67.76,101.31,72.57,76.68,0,Pass
2024-05-22,B1014,C,M5,O8,Night,23.3,25.0,45.39,100.66,25.76,88.56,0,Pass
2024-06-19,B1014,C,M3,O1,Morning,30.3,27.71,42.3,101.54,56.3,81.12,1,Pass
2024-01-29,B1014,A,M3,O5,Morning,38.8,24.26,55.47,100.28,78.54,85.94,0,Pass
2024-02-05,B1015,C,M1,O4,Morning,32.3,23.44,63.64,101.97,66.21,87.13,0,Pass
2024-01-13,B1015,A,M4,O5,Night,26.5,22.6,36.21,102.93,75.2,88.9,0,Pass
2024-06-08,B1015,B,M2,O8,Night,21.1,23.95,48.03,100.63,35.59,75.71,3,Pass
2024-11-22,B1015,B,M5,O10,Night,26.1,20.91,43.89,102.27,45.09,95.83,0,Pass
2024-07-05,B1015,C,M2,O4,Night,29.7,21.17,51.43,100.99,66.17,95.44,1,Pass
2024-08-30,B1015,A,M1,O11,Morning,15.9,23.35,50.1,102.5,78.61,90.1,0,Pass
2024-03-26,B1015,A,M1,O4,Morning,22.7,20.58,63.45,103.05,46.31,92.8,1,Pass
2024-10-10,B1015,B,M3,O3,Morning,25.6,20.9,48.92,101.11,55.35,81.02,2,Pass
2024-03-06,B1015,B,M3,O7,Morning,28.5,22.0,63.75,100.08,64.82,83.56,0,Pass
2024-06-18,B1015,B,M1,O3,Morning,29.7,25.45,46.85,102.06,42.57,79.84,0,Pass
2024-02-14,B1016,A,M4,O12,Afternoon,26.3,18.6,,101.48,66.26,76.41,0,Pass
2024-03-02,B1016,A,M3,O3,Morning,33.0,24.28,52.29,101.7,27.89,78.14,1,Pass
2024-05-13,B1016,A,M3,O11,Morning,30.7,24.38,67.3,101.03,65.91,76.01,0,Pass
2024-10-10,B1016,C,M3,O10,Morning,27.8,24.36,35.23,100.59,48.06,91.1,1,Pass
2024-01-28,B1016,A,M3,O5,Morning,33.9,19.58,38.36,102.23,54.63,94.07,0,Pass
2024-04-17,B1016,A,M3,O5,Night,33.4,16.92,68.32,101.56,67.82,84.55,0,Pass
2024-02-13,B1016,C,M1,O6,Night,21.3,23.68,42.67,100.15,65.37,100.0,0,Pass
2024-12-05,B1016,A,M1,O8,Night,29.8,22.56,43.3,101.85,59.9,80.81,2,Pass
2024-10-12,B1016,C,M5,O10,Afternoon,35.3,25.01,41.24,101.69,71.63,93.29,0,Pass
2024-11-26,B1016,B,M5,O6,Morning,36.3,19.9,61.48,101.04,39.6,86.31,0,Pass
2024-05-07,B1017,C,M2,O12,Night,32.2,24.28,37.47,102.6,62.45,87.68,1,Pass
2024-12-13,B1017,A,M2,O1,Morning,28.6,25.16,50.22,100.81,50.52,69.59,0,Fail
2024-08-18,B1017,A,M4,O8,Morning,32.5,21.71,47.34,101.16,71.02,90.15,1,Pass
2024-07-08,B1017,B,M3,O8,Morning,34.8,23.25,,101.91,68.24,74.63,0,Pass
2024-08-12,B1017,C,M1,O9,Morning,30.7,23.15,44.36,101.36,68.68,87.44,0,Pass
2024-10-09,B1017,B,M1,O9,Morning,31.4,19.54,54.15,100.19,79.74,85.3,1,Pass
2024-04-30,B1017,A,M4,O2,Morning,28.5,23.59,38.29,101.45,73.52,80.34,0,Pass
2024-04-25,B1017,B,M4,O2,Afternoon,22.0,26.87,72.74,100.97,58.11,71.24,2,Pass
2024-08-20,B1017,B,M1,O3,Morning,29.0,22.07,47.6,101.99,59.98,96.49,0,Pass
2024-09-15,B1017,B,M2,O1,Morning,25.9,17.62,50.09,101.42,67.21,87.82,1,Pass
2024-12-24,B1018,B,M2,O4,Night,26.0,19.94,66.55,101.38,61.63,87.1,0,Pass
2024-07-16,B1018,C,M4,O4,Morning,38.6,16.66,44.13,100.46,68.46,82.49,0,Pass
2024-05-16,B1018,B,M1,O9,Morning,35.7,25.87,66.67,101.12,33.24,86.84,0,Pass
2024-11-13,B1018,A,M1,O9,Night,19.8,24.29,45.89,102.08,82.57,89.87,1,Pass
2024-06-13,B1018,A,M4,O9,Morning,23.5,20.5,56.72,100.68,60.73,75.3,1,Pass
2024-08-12,B1018,A,M1,O10,Morning,27.8,17.75,44.27,101.27,40.53,96.33,0,Pass
2024-11-02,B1018,A,M4,O7,Afternoon,26.2,19.5,36.44,100.55,49.03,92.16,0,Pass
2024-08-21,B1018,A,M2,O2,Morning,31.9,20.09,54.15,100.35,34.45,84.09,0,Pass
2024-06-20,B1018,A,M1,O10,Afternoon,22.5,22.33,56.4,101.23,46.92,80.8,2,Pass
2024-05-31,B1018,A,M2,O5,Night,35.8,22.23,36.84,101.44,58.29,91.6,0,Pass
2024-11-10,B1019,A,M4,O4,Morning,29.7,26.02,46.93,102.9,78.18,73.94,1,Pass
2024-06-08,B1019,C,M5,O12,Afternoon,28.0,19.92,62.01,100.94,64.93,86.05,2,Pass
2024-04-05,B1019,C,M5,O11,Afternoon,29.9,17.48,56.0,101.26,62.79,88.96,0,Pass
2024-08-20,B1019,A,M2,O8,Morning,27.5,18.53,46.05,100.3,46.38,80.44,0,Pass
2024-06-28,B1019,C,M4,O2,Afternoon,17.8,21.93,44.02,101.79,50.11,87.87,1,Pass
2024-04-22,B1019,B,M2,O6,Morning,30.1,19.81,69.48,101.62,51.04,86.6,2,Pass
2024-11-13,B1019,A,M2,O5,Afternoon,28.1,21.12,35.53,102.49,51.53,91.47,0,Pass
2024-02-21,B1019,A,M5,O12,Morning,24.3,20.64,49.41,102.19,55.78,99.02,0,Pass
2024-09-24,B1019,B,M1,O2,Afternoon,36.6,24.97,35.35,101.58,56.69,93.41,0,Pass
2024-10-21,B1019,B,M1,O11,Morning,34.0,20.24,63.15,100.92,55.93,77.52,1,Pass
2024-04-22,B1020,B,M2,O10,Night,44.6,20.87,49.93,101.46,51.94,74.98,2,Pass
2024-04-10,B1020,A,M1,O1,Morning,35.0,24.15,51.78,101.21,61.62,98.13,0,Pass
2024-04-22,B1020,A,M1,O8,Afternoon,26.1,20.31,77.69,102.06,56.23,81.58,1,Pass
2024-03-21,B1020,A,M3,O2,Afternoon,24.6,23.27,44.07,101.96,40.85,86.15,1,Pass
2024-07-05,B1020,A,M3,O7,Afternoon,27.0,22.99,67.49,101.06,60.41,79.08,0,Pass
2024-04-22,B1020,A,M5,O9,Afternoon,26.0,22.43,46.09,100.13,58.6,81.37,0,Pass
2024-01-02,B1020,A,M5,O9,Afternoon,30.7,18.6,47.66,102.37,41.04,89.28,0,Pass
2024-05-09,B1020,C,M2,O8,Night,20.8,25.69,76.38,101.77,52.9,70.3,2,Pass
2024-08-07,B1020,C,M2,O11,Night,33.9,28.66,48.39,101.04,67.16,74.25,1,Pass
2024-02-23,B1020,A,M2,O12,Morning,30.5,22.03,36.26,101.73,46.36,95.03,0,Pass
2024-12-08,B1021,C,M3,O10,Afternoon,33.2,18.86,52.82,101.36,45.09,84.39,1,Pass
2024-08-11,B1021,A,M2,O9,Night,23.1,22.09,48.27,102.35,56.1,91.35,0,Pass
2024-08-12,B1021,A,M4,O2,Night,31.5,24.97,53.67,99.76,67.48,70.5,3,Pass
2024-05-05,B1021,A,M3,O6,Night,37.8,20.15,48.66,100.98,81.72,88.63,0,Pass
2024-05-09,B1021,B,M3,O4,Morning,24.8,21.61,72.16,102.58,67.91,80.51,2,Pass
2024-02-22,B1021,C,M3,O4,Morning,24.7,23.02,55.57,101.75,73.02,81.95,0,Pass
2024-06-20,B1021,B,M2,O5,Afternoon,34.3,25.61,39.25,102.72,64.16,85.86,0,Pass
2024-08-05,B1021,A,M5,O12,Afternoon,24.2,24.33,51.25,100.32,51.78,83.46,0,Pass
2024-06-08,B1021,B,M4,O3,Afternoon,28.6,24.45,42.0,102.16,67.82,72.69,2,Pass
2024-07-16,B1021,A,M1,O1,Afternoon,38.9,20.72,47.52,102.11,58.97,88.33,1,Pass
2024-09-03,B1022,C,M5,O8,Night,24.8,23.21,40.9,99.95,64.52,86.72,0,Pass
2024-11-19,B1022,B,M3,O5,Morning,39.3,19.83,71.07,101.06,48.65,80.11,3,Pass
2024-07-21,B1022,A,M5,O3,Night,28.0,24.54,43.09,101.21,65.6,81.53,1,Pass
2024-07-02,B1022,B,M4,O10,Afternoon,23.3,25.45,56.88,100.0,58.55,82.84,2,Pass
2024-05-02,B1022,B,M3,O7,Morning,33.6,23.66,46.77,101.08,62.78,82.61,1,Pass
2024-09-11,B1022,A,M1,O7,Afternoon,30.6,20.9,38.42,102.0,58.98,97.36,0,Pass
2024-10-20,B1022,B,M2,O1,Night,30.1,21.39,51.98,100.99,56.67,76.07,1,Pass
2024-10-06,B1022,A,M3,O12,Morning,25.4,27.42,54.01,101.49,65.82,76.15,1,Pass
2024-11-20,B1022,B,M4,O9,Morning,30.6,20.95,55.59,101.5,55.13,79.04,1,Pass
2024-04-07,B1022,C,M2,O2,Night,17.6,25.15,23.78,101.29,40.94,74.83,0,Pass
2024-07-16,B1023,C,M1,O5,Morning,31.3,23.02,37.65,100.74,37.51,100.0,0,Pass
2024-08-27,B1023,B,M5,O5,Afternoon,37.8,21.0,59.58,101.83,62.21,78.63,3,Pass
2024-05-23,B1023,B,M5,O8,Afternoon,19.4,17.97,40.76,100.03,54.63,93.84,0,Pass
2024-04-06,B1023,A,M3,O8,Afternoon,27.6,22.63,52.03,101.31,39.25,80.76,0,Pass
2024-07-19,B1023,B,M1,O7,Afternoon,24.8,22.27,37.42,102.41,61.28,94.88,0,Pass
2024-05-03,B1023,A,M2,O7,Morning,20.9,27.42,57.32,100.94,58.87,71.6,1,Pass
2024-07-05,B1023,A,M1,O12,Afternoon,17.7,19.42,59.31,100.72,54.0,79.17,1,Pass
2024-11-21,B1023,A,M5,O11,Morning,22.9,28.88,57.32,101.88,62.96,82.14,0,Pass
2024-12-14,B1023,A,M1,O6,Afternoon,28.5,23.14,60.33,101.43,75.78,74.38,1,Pass
2024-09-15,B1023,B,M3,O6,Morning,36.9,23.13,65.64,101.9,75.42,71.97,0,Pass
2024-05-27,B1024,A,M2,O11,Afternoon,20.9,20.22,38.26,101.33,61.73,85.65,0,Pass
2024-09-08,B1024,B,M3,O9,Morning,31.8,22.94,42.11,99.39,58.98,88.46,0,Pass
2024-12-11,B1024,A,M4,O6,Morning,31.3,23.42,58.98,102.24,61.89,77.15,1,Pass
2024-05-26,B1024,A,M5,O12,Morning,40.0,24.81,61.3,102.96,63.71,86.84,0,Pass
2024-05-27,B1024,B,M2,O2,Morning,33.4,,43.26,102.33,,88.75,0,Pass
2024-12-17,B1024,A,M1,O2,Night,33.8,26.22,42.56,98.47,62.09,91.65,1,Pass
2024-07-17,B1024,A,M1,O5,Morning,34.2,23.08,43.48,101.66,41.12,100.0,0,Pass
2024-11-03,B1024,B,M5,O4,Night,24.5,,33.95,100.93,60.98,82.96,4,Pass
2024-05-07,B1024,A,M5,O11,Night,26.6,21.34,37.29,100.43,65.72,86.96,0,Pass
2024-02-08,B1024,C,M3,O2,Afternoon,36.7,19.22,37.53,101.4,54.12,99.25,0,Pass
2024-12-03,B1025,A,M4,O3,Morning,17.7,22.22,47.06,101.18,58.85,84.41,0,Pass
2024-12-25,B1025,A,M4,O7,Morning,25.9,22.56,52.71,101.71,46.66,93.7,2,Pass
2024-05-08,B1025,B,M1,O8,Night,22.0,17.84,54.33,101.35,45.0,82.52,0,Pass
2024-09-23,B1025,A,M5,O12,Morning,31.4,24.38,44.91,100.4,62.53,82.73,2,Pass
2024-05-30,B1025,A,M3,O6,Morning,27.5,24.99,45.16,100.84,51.25,86.84,1,Pass
2024-10-24,B1025,A,M2,O11,Afternoon,33.8,19.81,51.24,100.71,38.68,83.78,0,Pass
2024-04-08,B1025,A,M3,O5,Night,29.3,18.93,35.04,99.93,46.66,97.52,0,Pass
2024-09-19,B1025,C,M1,O1,Night,20.7,21.09,59.59,100.2,48.4,82.25,1,Pass
2024-09-08,B1025,A,M1,O8,Morning,21.0,22.07,62.85,101.13,69.29,85.36,0,Pass
2024-05-23,B1025,B,M4,O3,Afternoon,30.0,21.21,43.74,102.44,62.15,86.09,2,Pass
2024-12-11,B1026,C,M1,O6,Morning,25.4,21.82,46.02,100.87,49.54,97.7,0,Pass
2024-04-21,B1026,A,M4,O3,Morning,26.8,22.66,62.43,100.69,52.95,66.73,0,Fail
2024-02-29,B1026,C,M2,O7,Night,35.6,17.9,48.77,100.35,,86.35,0,Pass
2024-01-02,B1026,A,M2,O7,Morning,34.6,18.24,55.88,101.32,71.23,91.68,0,Pass
2024-10-30,B1026,C,M2,O12,Morning,40.8,13.83,49.08,102.24,46.58,94.29,0,Pass
2024-09-10,B1026,A,M2,O9,Morning,28.1,24.83,65.56,102.9,73.96,67.2,0,Fail
2024-05-19,B1026,B,M4,O5,Night,26.2,22.05,54.9,101.53,59.03,86.2,1,Pass
2024-02-06,B1026,A,M2,O8,Night,32.5,25.14,55.48,101.41,69.6,81.42,1,Pass
2024-06-08,B1026,A,M3,O10,Afternoon,26.6,18.59,55.66,100.87,58.04,38.71,1,Pass
2024-01-09,B1026,B,M3,O10,Night,26.8,22.07,44.45,101.0,74.23,83.48,1,Pass
2024-08-20,B1027,B,M4,O8,Morning,28.8,22.64,45.37,101.8,46.08,85.02,2,Pass
2024-04-08,B1027,A,M5,O1,Afternoon,39.9,20.31,,101.05,56.93,86.38,0,Pass
2024-05-26,B1027,A,M4,O12,Morning,34.2,17.34,51.26,101.17,74.6,90.63,0,Pass
2024-10-30,B1027,B,M2,O5,Morning,34.9,27.24,38.22,101.28,31.29,94.99,0,Pass
2024-07-26,B1027,B,M1,O3,Afternoon,39.6,26.2,68.73,100.83,59.45,68.16,0,Fail
2024-05-10,B1027,C,M2,O1,Night,35.4,20.85,59.78,101.24,55.28,69.2,6,Fail
2024-05-31,B1027,B,M3,O4,Morning,23.2,23.53,50.38,99.68,68.22,83.96,2,Pass
2024-02-23,B1027,C,M1,O8,Morning,35.3,20.55,47.26,101.74,72.84,95.1,1,Pass
2024-04-29,B1027,B,M3,O3,Morning,36.1,19.01,51.99,103.18,68.76,73.36,1,Pass
2024-06-09,B1027,A,M3,O10,Morning,33.9,,55.18,100.86,62.89,82.96,0,Pass
2024-04-25,B1028,A,M2,O2,Night,28.8,17.03,29.67,101.6,60.49,89.53,0,Pass
2024-03-15,B1028,B,M4,O11,Afternoon,33.3,21.14,71.12,101.98,55.89,71.32,1,Pass
2024-04-22,B1028,B,M1,O9,Afternoon,29.9,22.25,42.1,102.32,62.52,80.04,2,Pass
2024-04-13,B1028,A,M1,O10,Night,24.1,26.95,49.98,101.09,77.52,79.14,0,Pass
2024-12-05,B1028,A,M4,O5,Morning,25.6,24.69,50.35,99.86,50.03,83.38,2,Pass
2024-09-10,B1028,C,M3,O7,Afternoon,34.2,16.98,69.97,101.51,55.18,85.98,2,Pass
2024-08-14,B1028,B,M4,O11,Afternoon,24.6,21.99,49.12,101.4,59.09,82.69,3,Pass
2024-04-21,B1028,A,M3,O11,Afternoon,25.1,22.06,65.89,101.02,72.01,79.47,3,Pass
2024-04-08,B1028,A,M2,O2,Night,34.5,21.31,54.07,101.19,62.68,77.21,1,Pass
2024-06-01,B1028,A,M5,O9,Night,30.8,23.86,40.38,101.41,71.8,90.12,0,Pass
2024-12-14,B1029,A,M4,O9,Morning,33.5,17.77,51.35,101.59,72.41,87.95,0,Pass
2024-12-03,B1029,A,M4,O4,Night,22.6,20.77,48.81,101.56,,74.91,1,Pass
2024-07-12,B1029,A,M2,O4,Morning,33.3,23.44,39.16,101.13,47.23,96.51,0,Pass
2024-11-05,B1029,B,M3,O6,Morning,26.0,24.04,53.58,101.61,79.93,84.35,0,Pass
2024-06-11,B1029,A,M2,O10,Morning,23.9,22.45,50.22,101.07,76.95,71.93,1,Pass
2024-07-26,B1029,C,M1,O10,Morning,27.0,21.13,55.56,101.81,60.76,88.79,0,Pass
2024-06-17,B1029,C,M5,O10,Afternoon,38.2,21.64,51.93,100.8,43.42,91.76,0,Pass
2024-06-09,B1029,A,M1,O6,Afternoon,27.8,24.22,43.49,101.36,41.27,79.1,1,Pass
2024-03-08,B1029,B,M5,O12,Night,43.2,22.1,57.68,100.0,63.05,72.11,0,Pass
2024-10-15,B1029,A,M3,O1,Afternoon,17.6,18.87,43.76,101.0,51.58,94.07,0,Pass
2024-10-03,B1030,C,M1,O9,Afternoon,20.7,18.3,19.0,101.75,39.39,100.0,1,Pass
2024-10-30,B1030,A,M3,O2,Morning,37.9,17.53,51.29,100.47,41.05,83.48,1,Pass
2024-05-14,B1030,B,M5,O5,Morning,39.5,26.37,44.46,101.04,54.36,82.97,1,Pass
2024-07-13,B1030,B,M4,O9,Afternoon,24.8,24.42,53.82,99.38,62.34,79.93,0,Pass
2024-05-07,B1030,A,M5,O4,Afternoon,30.4,21.68,69.99,100.21,76.87,68.78,1,Fail
2024-02-02,B1030,A,M4,O11,Night,34.3,20.64,70.28,100.41,65.81,73.85,0,Pass
2024-06-24,B1030,B,M4,O3,Morning,28.6,20.28,48.35,101.38,55.42,86.95,2,Pass
2024-01-22,B1030,B,M5,O7,Morning,30.9,25.28,41.73,101.57,64.56,81.72,3,Pass
2024-08-25,B1030,A,M2,O6,Afternoon,30.1,27.71,55.85,101.26,63.49,73.67,1,Pass
2024-06-06,B1030,B,M3,O8,Morning,21.1,20.18,46.3,100.99,68.87,94.72,0,Pass
2024-02-07,B1031,A,M2,O3,Morning,27.9,25.42,53.92,101.0,59.52,84.24,0,Pass
2024-08-17,B1031,B,M5,O5,Afternoon,30.1,22.08,43.39,101.87,72.43,81.99,0,Pass
2024-12-30,B1031,A,M5,O10,Morning,30.6,21.36,52.51,101.47,69.89,89.07,0,Pass
2024-02-20,B1031,C,M1,O4,Afternoon,19.6,26.51,41.88,101.03,60.99,87.17,0,Pass
2024-09-20,B1031,A,M4,O4,Morning,34.5,21.97,61.84,102.33,58.57,79.49,1,Pass
2024-10-09,B1031,A,M5,O4,Morning,30.8,22.89,44.1,102.86,71.04,82.12,1,Pass
2024-01-27,B1031,A,M1,O10,Morning,23.7,22.74,56.61,100.3,51.44,84.4,0,Pass
2024-08-13,B1031,A,M3,O8,Night,40.8,17.12,37.35,101.72,41.92,96.85,0,Pass
2024-10-03,B1031,B,M5,O6,Morning,27.9,22.87,57.81,103.77,41.85,96.37,1,Pass
2024-10-12,B1031,A,M1,O3,Night,28.3,20.31,40.34,101.52,50.44,94.89,0,Pass
2024-04-06,B1032,C,M4,O10,Morning,33.9,17.74,52.61,101.39,67.92,83.69,1,Pass
2024-10-10,B1032,A,M2,O5,Night,41.3,,60.23,101.26,54.93,67.34,2,Fail
2024-11-12,B1032,A,M5,O6,Morning,34.1,20.42,48.0,101.69,62.45,88.03,0,Pass
2024-10-30,B1032,A,M5,O5,Afternoon,35.0,25.09,39.71,101.9,54.06,82.83,0,Pass
2024-05-26,B1032,A,M5,O6,Afternoon,24.0,18.81,54.97,100.3,54.15,95.89,0,Pass
2024-01-04,B1032,A,M3,O8,Night,30.5,19.63,41.59,101.28,47.69,98.56,0,Pass
2024-02-04,B1032,A,M5,O7,Morning,26.8,22.71,45.96,99.48,58.9,100.0,0,Pass
2024-07-10,B1032,A,M5,O5,Morning,34.2,18.02,52.65,101.13,57.9,90.7,1,Pass
2024-02-18,B1032,A,M2,O10,Morning,34.8,20.02,63.61,100.58,64.95,74.67,0,Pass
2024-01-17,B1032,B,M5,O6,Night,39.8,17.01,50.27,101.57,63.45,96.66,0,Pass
2024-06-20,B1033,B,M1,O4,Afternoon,17.0,24.76,50.23,99.97,,91.07,0,Pass
2024-08-07,B1033,A,M3,O12,Night,26.2,21.1,57.38,100.89,41.93,78.56,1,Pass
2024-06-06,B1033,A,M2,O9,Morning,37.8,21.95,50.5,102.07,72.85,76.98,2,Pass
2024-02-15,B1033,C,M1,O4,Morning,21.6,24.75,56.36,100.76,58.98,81.17,0,Pass
2024-01-06,B1033,B,M1,O1,Morning,34.8,19.83,60.79,99.78,60.96,84.88,1,Pass
2024-04-08,B1033,B,M4,O7,Night,36.8,21.06,46.72,101.51,79.21,85.79,2,Pass
2024-08-20,B1033,A,M2,O7,Afternoon,29.8,18.83,17.25,100.83,70.9,100.0,0,Pass
2024-02-06,B1033,B,M4,O4,Night,21.5,18.82,41.82,101.15,65.36,89.66,1,Pass
2024-10-06,B1033,B,M1,O3,Morning,29.3,19.24,62.09,100.72,59.97,83.76,0,Pass
2024-12-14,B1033,B,M2,O8,Afternoon,38.8,20.52,49.66,102.88,59.86,87.73,2,Pass
2024-10-28,B1034,C,M3,O5,Afternoon,39.2,,46.61,100.05,62.88,88.54,0,Pass
2024-06-29,B1034,A,M4,O10,Morning,31.2,22.87,61.67,103.57,64.88,78.37,3,Pass
2024-04-04,B1034,A,M2,O7,Night,24.1,19.33,48.99,100.99,80.54,93.48,1,Pass
2024-04-08,B1034,B,M4,O4,Night,40.4,22.96,29.07,101.45,89.68,91.36,1,Pass
2024-07-06,B1034,C,M5,O4,Night,34.9,23.46,34.95,100.84,63.48,88.25,0,Pass
2024-04-25,B1034,A,M4,O8,Afternoon,24.5,20.6,54.19,100.81,34.16,87.22,1,Pass
2024-07-09,B1034,A,M2,O8,Morning,32.1,19.59,49.33,100.67,48.58,79.11,0,Pass
2024-09-09,B1034,A,M1,O2,Morning,31.8,22.26,64.55,101.78,81.74,80.44,3,Pass
2024-06-09,B1034,A,M5,O2,Night,26.2,21.39,42.67,100.17,68.62,88.52,0,Pass
2024-09-12,B1034,B,M1,O3,Morning,32.1,22.66,46.9,101.59,65.11,91.8,1,Pass
2024-11-18,B1035,B,M5,O12,Afternoon,36.6,26.71,41.15,99.55,58.0,79.52,1,Pass
2024-05-07,B1035,A,M3,O12,Afternoon,28.2,22.21,44.79,101.52,45.73,82.65,1,Pass
2024-01-18,B1035,A,M5,O3,Afternoon,37.2,20.08,31.08,101.98,80.13,94.19,0,Pass
2024-10-07,B1035,A,M4,O1,Night,19.5,19.33,46.14,100.28,50.12,80.56,2,Pass
2024-08-10,B1035,A,M5,O3,Morning,43.3,19.44,49.48,101.84,68.75,72.0,3,Pass
2024-02-23,B1035,B,M2,O6,Morning,30.3,17.61,48.64,101.34,44.39,93.23,0,Pass
2024-02-27,B1035,C,M4,O8,Morning,36.4,24.8,71.5,102.58,57.42,72.34,0,Pass
2024-11-18,B1035,C,M3,O12,Afternoon,31.3,15.3,68.33,100.62,71.92,81.53,0,Pass
2024-12-25,B1035,A,M3,O10,Morning,25.1,23.46,42.49,103.55,57.0,95.9,0,Pass
2024-06-22,B1035,C,M4,O6,Morning,29.8,19.4,29.56,99.39,55.58,88.13,1,Pass
2024-10-06,B1036,B,M5,O5,Night,18.5,20.46,49.01,101.04,60.13,100.0,0,Pass
2024-04-23,B1036,B,M5,O4,Night,34.1,19.31,53.77,99.94,43.97,84.51,0,Pass
2024-10-14,B1036,A,M4,O3,Morning,31.2,26.34,41.4,102.78,41.71,79.79,2,Pass
2024-12-07,B1036,A,M3,O4,Morning,28.9,22.05,41.89,101.09,68.57,88.89,1,Pass
2024-05-30,B1036,A,M3,O7,Night,34.5,24.37,65.83,101.16,54.93,77.15,2,Pass
2024-05-06,B1036,A,M4,O1,Morning,30.2,25.9,47.42,101.65,68.48,74.39,2,Pass
2024-06-03,B1036,A,M2,O7,Morning,33.6,22.49,56.62,101.3,73.42,82.07,1,Pass
2024-09-29,B1036,A,M1,O1,Morning,35.8,18.41,40.7,100.82,74.38,92.12,0,Pass
2024-04-13,B1036,A,M2,O2,Afternoon,26.7,21.34,49.43,100.29,40.55,88.24,0,Pass
2024-10-25,B1036,B,M2,O4,Morning,25.0,19.77,46.64,101.43,51.63,88.56,0,Pass
2024-09-02,B1037,A,M2,O1,Night,19.7,20.49,43.25,101.6,66.45,92.41,0,Pass
2024-06-24,B1037,A,M2,O11,Afternoon,30.7,21.72,61.55,101.86,66.64,75.42,1,Pass
2024-02-08,B1037,C,M1,O12,Afternoon,32.7,21.6,36.11,102.83,86.99,91.18,0,Pass
2024-06-18,B1037,C,M1,O11,Morning,22.1,23.24,53.0,99.56,49.11,81.17,3,Pass
2024-09-03,B1037,B,M5,O11,Afternoon,38.5,23.67,46.45,101.25,74.02,84.4,4,Pass
2024-01-26,B1037,C,M3,O9,Afternoon,25.1,21.6,54.15,102.25,64.47,88.83,0,Pass
2024-12-20,B1037,B,M2,O12,Night,17.4,23.21,46.58,101.2,40.32,84.62,1,Pass
2024-11-01,B1037,C,M4,O6,Night,39.0,20.35,58.67,99.43,53.43,20.46,1,Pass
2024-01-13,B1037,A,M2,O1,Afternoon,18.2,25.94,40.6,100.27,63.15,77.76,1,Pass
2024-11-11,B1037,A,M5,O1,Night,35.8,20.3,61.58,101.56,39.55,77.66,5,Pass
2024-11-08,B1038,A,M4,O6,Night,34.3,25.59,49.71,101.53,35.11,25.93,0,Pass
2024-02-05,B1038,A,M1,O4,Night,31.9,17.57,36.71,101.84,38.87,96.57,0,Pass
2024-06-21,B1038,A,M3,O4,Morning,26.9,20.86,56.8,100.68,63.11,81.54,3,Pass
2024-01-20,B1038,B,M5,O11,Morning,33.0,21.01,48.01,101.51,54.18,76.75,1,Pass
2024-11-16,B1038,B,M5,O6,Morning,36.3,22.84,32.92,100.54,52.56,88.91,0,Pass
2024-09-20,B1038,B,M3,O12,Afternoon,24.1,24.59,53.32,101.51,52.97,83.96,0,Pass
2024-05-21,B1038,A,M4,O11,Afternoon,35.9,18.25,60.07,101.34,42.91,87.25,0,Pass
2024-05-22,B1038,C,M1,O7,Afternoon,35.6,18.68,62.82,100.64,54.52,90.14,1,Pass
2024-04-01,B1038,B,M5,O9,Night,31.8,17.79,46.22,102.55,38.16,83.41,0,Pass
2024-12-19,B1038,A,M2,O10,Night,26.8,25.96,51.45,99.94,74.25,71.42,2,Pass
2024-11-17,B1039,B,M5,O5,Night,35.6,22.89,50.51,101.19,80.31,80.38,0,Pass
2024-10-14,B1039,A,M4,O9,Morning,33.0,18.75,64.9,100.63,32.09,78.7,0,Pass
2024-08-02,B1039,A,M4,O4,Afternoon,23.9,20.67,41.9,102.77,54.37,86.17,0,Pass
2024-12-07,B1039,C,M3,O10,Morning,27.8,25.55,45.35,101.78,55.15,95.04,0,Pass
2024-02-20,B1039,A,M2,O2,Morning,34.9,21.17,41.65,100.78,57.91,84.16,1,Pass
2024-06-01,B1039,A,M1,O3,Morning,30.7,20.99,35.51,101.08,72.02,85.89,0,Pass
2024-07-04,B1039,C,M2,O11,Morning,36.5,19.66,52.48,102.79,54.41,86.57,1,Pass
2024-03-03,B1039,B,M1,O1,Afternoon,28.0,18.93,66.01,100.54,58.94,75.45,2,Pass
2024-07-08,B1039,A,M4,O6,Night,24.0,25.55,48.02,99.89,95.75,64.44,1,Fail
2024-05-04,B1039,A,M2,O6,Morning,43.2,27.02,41.18,101.53,58.66,83.37,0,Pass
2024-05-29,B1040,A,M1,O1,Afternoon,19.9,19.04,51.87,101.55,81.19,97.32,0,Pass
2024-11-09,B1040,B,M5,O11,Afternoon,27.0,26.21,55.89,101.83,66.02,78.38,3,Pass
2024-02-27,B1040,A,M5,O3,Morning,31.7,20.54,,101.84,,72.7,3,Pass
2024-12-07,B1040,A,M5,O5,Afternoon,35.9,23.6,64.04,102.72,51.35,80.99,1,Pass
2024-10-31,B1040,C,M5,O3,Morning,33.9,26.23,41.88,99.93,59.91,81.29,1,Pass
2024-06-28,B1040,B,M1,O10,Afternoon,43.9,21.56,47.13,100.34,46.48,84.13,0,Pass
2024-06-18,B1040,A,M2,O3,Afternoon,29.3,21.02,52.96,101.83,49.63,83.65,1,Pass
2024-11-21,B1040,B,M4,O10,Morning,24.8,24.4,53.93,100.42,54.92,87.04,1,Pass
2024-09-27,B1040,B,M4,O3,Morning,28.7,18.67,50.47,100.13,63.52,82.65,1,Pass
2024-02-23,B1040,A,M1,O5,Afternoon,28.1,25.44,37.22,102.79,81.91,86.79,0,Pass
2024-04-10,B1041,A,M5,O5,Night,29.6,22.43,73.38,100.0,54.18,68.21,1,Fail
2024-09-20,B1041,C,M2,O4,Morning,24.1,20.27,47.64,101.02,65.54,85.96,0,Pass
2024-02-22,B1041,A,M2,O1,Afternoon,34.7,20.19,51.1,101.25,40.47,76.96,1,Pass
2024-02-29,B1041,B,M3,O5,Afternoon,32.2,17.85,56.17,102.35,72.72,93.17,0,Pass
2024-04-17,B1041,A,M3,O10,Night,22.4,20.39,43.63,99.8,39.34,83.48,0,Pass
2024-01-05,B1041,A,M3,O5,Night,35.8,21.21,50.57,101.63,69.58,99.4,0,Pass
2024-04-12,B1041,A,M1,O4,Afternoon,25.1,18.82,43.23,100.59,59.03,97.95,0,Pass
2024-07-14,B1041,A,M5,O6,Afternoon,22.9,21.86,54.16,101.8,58.55,83.28,1,Pass
2024-09-18,B1041,A,M2,O10,Night,30.5,23.42,47.24,100.57,56.4,91.77,0,Pass
2024-12-30,B1041,A,M1,O4,Morning,19.5,21.36,52.69,102.56,44.38,89.25,1,Pass
2024-12-15,B1042,C,M5,O7,Morning,33.5,23.99,39.53,100.58,45.02,86.87,0,Pass
2024-02-16,B1042,C,M5,O7,Morning,13.0,19.58,41.71,99.33,70.04,92.29,0,Pass
2024-12-20,B1042,B,M5,O2,Night,23.8,25.01,,100.67,60.14,82.42,0,Pass
2024-11-06,B1042,C,M5,O3,Night,39.5,22.37,42.89,101.09,56.31,76.6,0,Pass
2024-11-03,B1042,A,M4,O1,Morning,25.9,26.64,24.26,102.17,65.32,83.99,0,Pass
2024-05-23,B1042,C,M3,O8,Afternoon,26.9,29.24,46.93,100.29,61.22,77.47,1,Pass
2024-09-25,B1042,A,M1,O9,Afternoon,37.6,20.59,44.66,100.31,50.48,100.0,0,Pass
2024-05-03,B1042,C,M3,O4,Morning,25.2,20.71,51.51,102.07,89.53,89.64,0,Pass
2024-04-15,B1042,C,M2,O6,Night,34.6,21.26,50.45,100.2,68.89,84.37,0,Pass
2024-06-06,B1042,B,M2,O9,Morning,37.0,23.79,62.57,101.16,61.52,70.8,0,Pass
2024-05-26,B1043,C,M4,O6,Morning,32.9,25.98,75.94,101.17,53.84,79.35,1,Pass
2024-05-24,B1043,B,M3,O12,Afternoon,21.3,20.04,61.38,101.47,71.43,79.23,1,Pass
2024-04-29,B1043,A,M1,O12,Afternoon,26.4,23.14,45.47,100.7,50.55,84.06,1,Pass
2024-11-14,B1043,A,M2,O12,Morning,46.3,21.59,45.07,100.56,49.54,84.14,0,Pass
2024-10-01,B1043,B,M4,O9,Afternoon,27.1,23.85,58.69,101.57,80.32,78.84,2,Pass
2024-04-01,B1043,A,M1,O4,Afternoon,47.9,26.53,33.17,100.58,60.37,89.81,0,Pass
2024-02-27,B1043,B,M5,O8,Morning,40.3,21.28,46.85,100.21,50.84,83.6,3,Pass
2024-12-11,B1043,C,M3,O9,Morning,33.1,16.99,,102.28,60.07,95.18,0,Pass
2024-08-16,B1043,A,M3,O4,Afternoon,31.8,24.23,55.84,101.69,70.2,77.6,3,Pass
2024-04-26,B1043,B,M3,O5,Morning,27.2,19.5,56.14,102.71,67.46,93.31,1,Pass
2024-11-13,B1044,C,M5,O8,Night,29.5,21.57,42.55,101.93,71.69,94.56,0,Pass
2024-10-05,B1044,C,M2,O12,Night,25.9,24.36,45.86,100.29,45.01,86.3,0,Pass
2024-05-06,B1044,C,M4,O10,Night,29.6,22.89,54.45,101.38,71.39,76.5,2,Pass
2024-05-08,B1044,B,M3,O6,Morning,21.8,21.69,42.01,100.49,57.85,92.98,0,Pass
2024-02-27,B1044,C,M2,O12,Night,21.5,20.27,62.06,99.98,61.07,71.16,1,Pass
2024-05-01,B1044,B,M5,O7,Afternoon,37.8,13.3,56.09,100.94,74.51,94.75,0,Pass
2024-01-01,B1044,A,M4,O3,Morning,20.3,24.09,51.72,102.09,68.43,89.01,0,Pass
2024-08-26,B1044,A,M4,O7,Morning,35.3,21.24,53.91,101.52,64.21,80.72,0,Pass
2024-10-16,B1044,B,M5,O12,Morning,18.6,26.54,45.33,100.19,36.19,87.17,2,Pass
2024-04-05,B1044,A,M5,O8,Afternoon,33.8,23.19,43.74,100.91,59.45,84.63,0,Pass
2024-05-05,B1045,B,M4,O10,Afternoon,28.8,20.38,45.75,101.19,50.58,84.9,0,Pass
2024-04-27,B1045,B,M5,O6,Morning,37.9,25.2,55.0,99.95,68.53,84.45,1,Pass
2024-02-17,B1045,A,M4,O10,Afternoon,28.0,25.45,52.01,101.87,71.89,62.55,0,Fail
2024-03-29,B1045,B,M4,O9,Morning,17.9,21.34,45.77,101.12,56.38,84.42,2,Pass
2024-08-24,B1045,B,M4,O6,Afternoon,28.9,25.58,57.5,100.19,52.0,79.89,2,Pass
2024-09-28,B1045,A,M4,O12,Morning,31.0,20.33,48.26,100.14,78.68,92.43,1,Pass
2024-07-07,B1045,A,M1,O9,Night,29.2,22.48,43.07,102.18,52.76,91.81,2,Pass
2024-07-10,B1045,A,M5,O4,Night,33.5,23.71,52.54,101.0,45.67,72.06,2,Pass
2024-03-09,B1045,A,M5,O8,Afternoon,26.6,24.35,39.87,102.25,50.01,81.21,0,Pass
2024-10-04,B1045,C,M1,O11,Morning,22.4,23.86,33.13,102.56,53.34,97.24,0,Pass
2024-12-14,B1046,A,M5,O4,Morning,24.0,21.0,49.95,102.12,49.66,87.35,0,Pass
2024-09-03,B1046,B,M1,O2,Night,26.9,25.28,43.43,100.87,70.14,84.62,1,Pass
2024-03-16,B1046,A,M2,O10,Morning,26.9,21.63,47.46,99.3,33.63,86.31,1,Pass
2024-06-02,B1046,A,M4,O11,Morning,44.4,20.29,40.33,101.55,49.41,79.04,2,Pass
2024-05-23,B1046,C,M1,O9,Morning,37.5,20.34,62.09,102.97,59.43,81.19,1,Pass
2024-03-26,B1046,B,M5,O5,Afternoon,34.1,27.82,43.39,101.27,62.52,85.76,0,Pass
2024-07-03,B1046,A,M5,O4,Afternoon,32.7,19.77,,99.71,80.3,38.1,0,Pass
2024-10-11,B1046,A,M3,O2,Night,31.8,25.87,53.78,100.76,78.54,73.05,0,Pass
2024-08-07,B1046,A,M1,O1,Morning,31.8,18.59,36.23,101.15,40.79,91.44,1,Pass
2024-03-09,B1046,A,M2,O11,Morning,31.0,23.46,35.49,100.42,,84.86,1,Pass
2024-02-16,B1047,B,M4,O7,Night,30.2,22.89,53.81,99.25,60.3,87.96,1,Pass
2024-04-03,B1047,A,M5,O6,Night,17.4,26.86,45.55,101.22,51.92,87.7,1,Pass
2024-08-25,B1047,A,M4,O2,Morning,27.8,20.04,40.99,100.67,45.7,22.92,1,Pass
2024-07-22,B1047,A,M2,O8,Afternoon,28.6,19.21,56.03,102.72,60.19,86.83,1,Pass
2024-08-05,B1047,C,M4,O11,Morning,25.5,21.65,41.88,101.38,62.77,85.99,0,Pass
2024-12-06,B1047,C,M3,O4,Night,26.7,26.99,47.25,101.68,49.93,86.62,0,Pass
2024-02-08,B1047,A,M4,O8,Morning,31.8,19.35,41.04,101.2,52.51,89.72,0,Pass
2024-04-09,B1047,B,M1,O7,Night,34.6,14.23,53.03,101.37,50.86,93.79,0,Pass
2024-10-15,B1047,A,M4,O5,Afternoon,31.8,22.18,63.32,99.98,55.06,76.44,1,Pass
2024-09-10,B1047,A,M3,O10,Afternoon,34.5,24.85,31.39,100.47,66.5,82.76,0,Pass
2024-08-09,B1048,B,M5,O10,Morning,34.6,18.96,51.13,102.17,47.07,75.94,0,Pass
2024-12-22,B1048,C,M2,O12,Afternoon,28.2,24.54,58.57,101.47,52.31,78.14,2,Pass
2024-01-23,B1048,C,M4,O8,Afternoon,33.2,18.89,45.79,100.98,55.21,89.73,1,Pass
2024-09-06,B1048,B,M5,O9,Morning,19.5,21.56,38.69,101.69,59.92,91.57,0,Pass
2024-01-10,B1048,A,M1,O5,Afternoon,27.7,24.26,54.21,101.7,63.31,85.6,1,Pass
2024-09-02,B1048,B,M5,O10,Night,27.0,18.44,60.02,102.89,84.51,80.26,1,Pass
2024-11-20,B1048,A,M4,O5,Afternoon,39.2,22.54,58.91,101.43,66.87,69.09,0,Fail
2024-04-09,B1048,B,M1,O2,Afternoon,32.0,25.64,53.66,100.45,67.15,84.78,0,Pass
2024-10-16,B1048,A,M2,O5,Morning,22.0,23.42,50.98,101.21,,86.19,2,Pass
2024-06-28,B1048,B,M4,O3,Afternoon,33.6,19.84,41.01,101.79,48.24,90.04,0,Pass
2024-08-10,B1049,A,M1,O7,Morning,35.5,,58.65,102.1,53.66,78.72,3,Pass
2024-09-06,B1049,A,M3,O10,Afternoon,29.5,23.98,58.1,100.01,51.48,78.74,1,Pass
2024-05-26,B1049,C,M2,O5,Night,34.1,16.42,38.62,101.5,64.71,39.24,0,Pass
2024-04-05,B1049,A,M4,O8,Afternoon,15.0,24.59,53.64,100.58,40.18,84.03,0,Pass
2024-09-13,B1049,B,M1,O1,Morning,13.8,20.29,56.53,100.85,67.11,91.89,1,Pass
2024-11-20,B1049,A,M5,O3,Morning,22.9,,58.82,101.98,58.59,77.51,1,Pass
2024-01-04,B1049,A,M5,O3,Afternoon,30.9,25.02,49.25,101.9,68.8,78.77,0,Pass
2024-01-16,B1049,A,M5,O9,Afternoon,39.2,20.35,41.42,100.76,51.31,88.51,1,Pass
2024-10-06,B1049,A,M4,O5,Night,23.2,17.06,44.98,101.17,49.18,93.28,0,Pass
2024-12-01,B1049,C,M1,O12,Night,24.9,26.52,39.93,100.87,55.12,91.11,1,Pass
2024-09-03,B1050,A,M4,O9,Afternoon,30.5,25.49,49.49,103.61,54.83,80.81,4,Pass
2024-09-14,B1050,C,M1,O9,Morning,27.0,21.74,47.53,101.52,69.68,80.86,1,Pass
2024-06-08,B1050,B,M1,O1,Morning,26.7,24.56,71.45,100.63,69.56,79.79,0,Pass
2024-12-05,B1050,A,M2,O2,Morning,27.5,20.89,58.95,102.36,82.86,78.49,0,Pass
2024-05-31,B1050,B,M3,O5,Morning,37.9,22.29,59.7,102.39,54.05,86.94,0,Pass
2024-06-26,B1050,B,M4,O4,Afternoon,36.7,21.57,54.71,102.73,19.83,74.17,2,Pass
2024-06-11,B1050,B,M4,O10,Afternoon,30.1,21.01,46.33,102.97,55.09,84.53,0,Pass
2024-02-02,B1050,A,M3,O9,Afternoon,39.9,23.08,47.25,101.87,62.77,90.18,0,Pass
2024-06-27,B1050,A,M2,O7,Morning,33.1,18.38,48.16,101.02,68.57,90.72,1,Pass
2024-04-10,B1050,C,M5,O6,Morning,36.9,21.25,51.88,101.14,63.64,94.08,0,Pass
2024-09-24,B1051,C,M3,O7,Morning,24.8,22.94,53.89,101.07,54.04,85.83,0,Pass
2024-11-18,B1051,C,M3,O1,Morning,26.1,27.51,50.01,100.98,80.57,72.72,0,Pass
2024-03-05,B1051,A,M1,O1,Night,26.0,18.5,47.09,102.29,47.6,93.42,0,Pass
2024-06-16,B1051,B,M4,O8,Morning,29.5,23.56,44.06,101.3,56.7,84.24,1,Pass
2024-11-25,B1051,A,M4,O2,Afternoon,30.4,23.89,36.07,102.08,47.04,95.27,0,Pass
2024-02-12,B1051,A,M2,O12,Morning,31.9,16.37,62.83,101.84,60.23,76.69,0,Pass
2024-02-13,B1051,A,M1,O10,Night,41.8,23.23,72.06,100.42,79.07,74.07,3,Pass
2024-10-11,B1051,B,M4,O11,Afternoon,34.3,24.64,61.99,99.93,58.31,76.68,4,Pass
2024-01-12,B1051,A,M4,O9,Morning,26.9,23.77,37.41,100.31,58.38,93.08,0,Pass
2024-04-04,B1051,A,M2,O7,Afternoon,30.0,21.75,57.87,100.96,39.65,76.4,2,Pass
2024-10-28,B1052,C,M5,O6,Afternoon,39.0,23.0,60.24,101.41,56.56,77.78,0,Pass
2024-09-09,B1052,A,M1,O1,Night,34.7,22.51,45.97,100.78,73.81,26.44,2,Pass
2024-08-29,B1052,A,M3,O1,Morning,39.0,16.93,54.89,101.86,57.0,82.56,0,Pass
2024-02-04,B1052,A,M5,O2,Night,27.1,22.58,45.44,100.88,56.19,87.15,0,Pass
2024-08-02,B1052,C,M3,O6,Night,25.7,20.9,65.29,101.51,73.27,80.92,0,Pass
2024-12-02,B1052,B,M4,O6,Night,25.8,19.89,53.65,101.39,56.24,87.84,0,Pass
2024-03-30,B1052,A,M2,O2,Afternoon,27.6,29.45,40.83,102.69,75.5,81.15,0,Pass
2024-09-20,B1052,C,M2,O1,Afternoon,23.6,25.76,56.7,100.52,44.58,81.25,1,Pass
2024-04-02,B1052,C,M5,O10,Afternoon,31.8,18.55,60.59,103.07,68.13,31.0,1,Pass
2024-03-30,B1052,A,M3,O5,Night,31.9,23.04,51.98,100.82,79.76,80.41,1,Pass
2024-04-24,B1053,B,M5,O5,Afternoon,38.0,26.37,54.79,100.23,72.09,79.89,1,Pass
2024-04-14,B1053,B,M2,O2,Afternoon,19.4,17.51,49.3,101.13,37.59,89.13,0,Pass
2024-07-14,B1053,B,M2,O6,Afternoon,24.3,22.23,38.66,103.89,52.34,92.38,0,Pass
2024-11-09,B1053,A,M1,O9,Afternoon,34.8,22.37,48.48,102.02,57.1,87.28,0,Pass
2024-04-23,B1053,C,M4,O2,Night,31.1,18.18,55.23,101.78,72.12,77.79,0,Pass
2024-03-15,B1053,B,M2,O10,Morning,30.3,23.14,48.72,101.94,44.02,83.39,1,Pass
2024-08-04,B1053,A,M5,O2,Night,37.6,25.35,58.01,100.68,47.77,83.45,4,Pass
2024-10-03,B1053,A,M3,O3,Afternoon,23.9,26.52,46.08,101.56,40.74,81.43,1,Pass
2024-09-05,B1053,A,M5,O7,Night,25.6,21.25,46.73,101.3,50.09,87.63,3,Pass
2024-06-12,B1053,A,M1,O6,Afternoon,24.9,29.5,58.31,102.75,44.98,76.91,1,Pass
2024-12-22,B1054,B,M5,O12,Morning,17.9,15.83,52.22,101.21,79.17,92.6,0,Pass
2024-07-10,B1054,A,M4,O8,Night,30.8,23.07,45.88,101.0,52.23,84.37,1,Pass
2024-08-14,B1054,A,M4,O8,Morning,26.9,17.76,60.34,100.37,68.29,80.06,1,Pass
2024-06-25,B1054,B,M5,O6,Night,25.6,22.27,43.11,101.41,60.22,100.0,0,Pass
2024-04-08,B1054,A,M4,O12,Afternoon,24.5,20.43,42.73,101.53,60.05,82.44,1,Pass
2024-02-05,B1054,C,M4,O11,Afternoon,29.9,23.52,21.71,100.34,52.9,100.0,0,Pass
2024-04-05,B1054,A,M1,O10,Morning,25.2,21.62,44.46,101.66,69.24,80.44,1,Pass
2024-05-31,B1054,A,M1,O3,Afternoon,31.3,19.52,63.09,101.49,,37.28,1,Pass
2024-05-30,B1054,A,M5,O3,Morning,32.8,19.72,29.28,102.11,61.16,86.68,0,Pass
2024-07-08,B1054,A,M4,O1,Morning,28.2,27.8,40.48,102.27,52.88,81.9,1,Pass
2024-08-11,B1055,A,M4,O7,Morning,27.8,23.33,54.39,101.38,54.84,87.44,0,Pass
2024-02-06,B1055,B,M3,O5,Morning,31.1,16.89,27.55,100.47,67.07,100.0,0,Pass
2024-09-24,B1055,C,M1,O4,Night,29.8,23.65,44.89,100.64,62.76,81.64,1,Pass
2024-07-01,B1055,A,M1,O10,Night,38.0,21.42,61.41,102.71,61.48,77.5,1,Pass
2024-01-13,B1055,B,M4,O4,Morning,31.9,22.01,70.43,101.43,50.95,63.17,2,Fail
2024-10-05,B1055,B,M3,O4,Afternoon,36.6,24.46,52.9,102.7,83.33,84.07,0,Pass
2024-08-04,B1055,C,M2,O6,Morning,33.7,25.55,40.74,101.7,54.24,90.14,0,Pass
2024-12-20,B1055,A,M3,O8,Afternoon,22.1,19.42,40.4,101.9,59.64,89.31,0,Pass
2024-12-26,B1055,A,M1,O8,Night,26.7,21.91,51.45,102.05,57.76,88.63,0,Pass
2024-10-12,B1055,A,M3,O5,Night,29.7,20.36,52.81,100.32,83.46,90.17,0,Pass
2024-09-29,B1056,B,M2,O6,Afternoon,35.2,23.79,68.58,101.55,56.51,77.33,0,Pass
2024-03-02,B1056,C,M4,O4,Night,41.6,21.3,59.71,100.31,55.41,79.03,2,Pass
2024-03-24,B1056,A,M2,O12,Morning,27.1,22.09,50.84,101.07,61.42,80.31,3,Pass
2024-08-04,B1056,A,M3,O11,Night,30.3,21.19,46.65,101.81,51.68,83.22,1,Pass
2024-12-07,B1056,C,M1,O9,Morning,34.8,21.68,80.15,100.48,61.34,72.45,0,Pass
2024-07-05,B1056,C,M1,O8,Afternoon,29.7,27.11,56.27,101.75,88.46,85.21,2,Pass
2024-01-19,B1056,C,M2,O10,Afternoon,39.9,29.17,43.31,100.1,63.6,74.67,1,Pass
2024-06-25,B1056,B,M3,O12,Afternoon,21.9,23.13,47.75,102.21,63.16,85.38,0,Pass
2024-04-09,B1056,A,M4,O10,Morning,34.1,,41.23,100.77,51.39,87.94,0,Pass
2024-08-20,B1056,B,M2,O1,Night,34.0,17.21,25.95,100.48,80.51,96.13,0,Pass
2024-03-16,B1057,B,M4,O2,Morning,36.9,19.72,53.13,100.15,83.27,95.93,0,Pass
2024-09-21,B1057,A,M5,O9,Afternoon,30.4,21.62,67.82,100.84,70.23,65.67,1,Fail
2024-10-10,B1057,B,M4,O8,Morning,35.3,19.85,33.69,99.77,67.85,98.61,0,Pass
2024-07-24,B1057,B,M1,O3,Morning,28.5,20.17,50.55,100.86,57.18,82.44,1,Pass
2024-08-10,B1057,A,M3,O8,Afternoon,25.2,26.73,42.93,102.18,64.7,77.47,1,Pass
2024-02-21,B1057,B,M1,O12,Afternoon,24.3,22.09,55.22,101.15,49.98,87.06,0,Pass
2024-12-04,B1057,B,M2,O1,Morning,21.4,22.35,48.28,100.36,46.49,74.52,2,Pass
2024-05-23,B1057,C,M5,O10,Morning,27.4,19.98,36.4,101.48,42.15,98.2,0,Pass
2024-03-09,B1057,A,M1,O4,Afternoon,31.9,25.53,40.19,101.41,64.93,83.95,0,Pass
2024-04-08,B1057,A,M3,O3,Night,28.8,21.36,41.7,102.87,43.46,85.81,0,Pass
2024-01-25,B1058,B,M4,O6,Night,31.2,20.44,63.44,101.93,54.0,68.55,1,Fail
2024-02-22,B1058,A,M4,O7,Morning,37.4,17.26,62.93,101.54,59.27,81.71,1,Pass
2024-05-30,B1058,B,M3,O4,Morning,26.9,21.82,46.89,102.02,71.94,92.83,1,Pass
2024-05-23,B1058,B,M1,O7,Morning,44.0,20.34,62.28,101.19,53.06,74.62,0,Pass
2024-02-26,B1058,A,M2,O9,Morning,34.5,27.05,48.27,101.24,73.36,78.14,0,Pass
2024-02-08,B1058,B,M3,O11,Afternoon,28.8,27.53,46.73,102.63,71.27,83.56,1,Pass
2024-04-18,B1058,B,M1,O2,Afternoon,28.7,18.29,50.57,99.99,47.14,83.92,0,Pass
2024-06-29,B1058,A,M2,O11,Morning,24.0,18.63,52.85,102.07,73.47,79.24,0,Pass
2024-02-11,B1058,C,M1,O3,Morning,29.8,21.17,44.45,101.21,56.6,88.51,1,Pass
2024-07-04,B1058,C,M1,O5,Morning,17.0,19.55,50.22,101.07,54.01,93.69,2,Pass
2024-08-10,B1059,B,M2,O3,Night,37.5,22.65,57.87,100.86,56.65,79.29,1,Pass
2024-05-01,B1059,B,M1,O11,Night,13.1,21.02,51.3,101.42,59.96,99.14,0,Pass
2024-05-12,B1059,A,M3,O8,Morning,30.3,22.84,50.43,101.27,55.02,77.67,0,Pass
2024-06-11,B1059,C,M4,O12,Morning,23.1,25.05,54.94,100.97,49.92,88.05,0,Pass
2024-08-02,B1059,B,M5,O10,Night,25.8,18.81,56.67,100.74,50.98,99.24,0,Pass
2024-08-08,B1059,B,M2,O8,Night,26.6,24.99,49.37,99.78,61.67,81.07,0,Pass
2024-08-22,B1059,C,M1,O8,Afternoon,41.6,19.81,45.26,100.72,58.07,86.55,0,Pass
2024-11-26,B1059,A,M1,O12,Morning,23.4,28.45,51.89,100.89,66.33,86.98,3,Pass
2024-05-25,B1059,C,M4,O12,Morning,35.5,26.86,34.06,101.42,60.63,73.47,1,Pass
2024-08-26,B1059,A,M4,O9,Afternoon,37.0,21.66,47.9,102.87,60.92,93.47,0,Pass
2024-03-16,B1060,A,M1,O4,Morning,16.0,19.11,25.28,100.81,67.11,100.0,0,Pass
2024-01-09,B1060,A,M5,O5,Morning,26.3,18.54,33.24,100.48,77.03,99.61,2,Pass
2024-03-14,B1060,C,M1,O5,Afternoon,38.9,,31.74,100.73,77.51,77.13,0,Pass
2024-09-09,B1060,C,M3,O8,Morning,22.1,21.91,60.47,101.42,76.08,84.02,0,Pass
2024-08-17,B1060,B,M4,O7,Night,37.2,24.78,50.14,101.77,70.45,82.02,0,Pass
2024-01-07,B1060,B,M5,O9,Morning,29.9,28.61,37.38,101.88,85.02,83.52,0,Pass
2024-06-22,B1060,B,M4,O8,Morning,29.6,19.69,54.91,101.96,65.25,82.76,0,Pass
2024-05-20,B1060,C,M5,O2,Afternoon,30.4,18.31,59.89,102.08,63.91,75.17,1,Pass
2024-06-16,B1060,A,M2,O10,Morning,32.1,22.58,55.08,101.08,86.93,75.55,1,Pass
2024-06-18,B1060,A,M5,O12,Night,24.3,25.43,48.11,102.94,27.29,85.47,0,Pass
2024-10-09,B1061,A,M1,O4,Afternoon,28.4,19.18,52.32,101.02,57.43,91.21,1,Pass
2024-05-01,B1061,B,M5,O6,Morning,32.2,22.1,59.01,101.39,75.03,74.05,6,Pass
2024-07-12,B1061,B,M3,O12,Afternoon,31.1,26.11,45.31,102.34,71.76,89.59,0,Pass
2024-01-05,B1061,A,M5,O2,Morning,32.1,17.1,50.3,101.75,90.79,87.38,4,Pass
2024-01-29,B1061,A,M3,O7,Night,25.7,22.71,47.43,99.51,61.29,88.3,1,Pass
2024-06-13,B1061,C,M4,O3,Morning,33.8,,33.87,101.3,54.83,85.78,1,Pass
2024-12-04,B1061,A,M3,O3,Afternoon,30.8,22.37,59.17,101.99,56.01,88.67,2,Pass
2024-05-15,B1061,B,M4,O11,Morning,20.5,24.13,70.57,100.23,63.82,67.98,1,Fail
2024-12-30,B1061,C,M1,O2,Afternoon,26.8,22.66,41.26,101.9,79.46,83.53,2,Pass
2024-11-16,B1061,A,M1,O11,Night,24.6,18.97,59.63,101.61,79.61,80.12,0,Pass
2024-12-07,B1062,A,M2,O8,Night,24.5,20.5,41.58,102.25,59.33,93.73,1,Pass
2024-05-24,B1062,B,M1,O6,Morning,27.1,26.28,51.33,100.75,63.04,89.44,1,Pass
2024-11-22,B1062,C,M5,O1,Morning,33.7,22.99,65.08,102.1,52.66,72.36,1,Pass
2024-08-04,B1062,B,M2,O12,Night,26.2,24.52,44.8,101.43,53.91,91.88,0,Pass
2024-10-27,B1062,C,M5,O1,Night,31.4,22.75,49.85,102.71,72.56,84.38,1,Pass
2024-05-11,B1062,A,M2,O7,Morning,30.4,24.43,31.98,103.53,79.23,82.88,1,Pass
2024-10-18,B1062,B,M1,O8,Afternoon,25.3,20.81,43.36,102.53,51.63,86.68,1,Pass
2024-03-10,B1062,B,M4,O5,Morning,27.9,19.7,30.94,101.68,62.92,99.27,0,Pass
2024-09-08,B1062,C,M4,O12,Night,35.2,24.29,54.29,103.16,57.08,81.78,1,Pass
2024-10-01,B1062,A,M3,O11,Morning,30.9,25.38,58.32,101.78,70.37,73.53,0,Pass
2024-12-29,B1063,C,M3,O5,Morning,33.3,19.26,47.78,100.57,55.34,95.34,0,Pass
2024-06-30,B1063,B,M4,O4,Night,37.6,20.27,52.86,101.27,36.88,78.9,0,Pass
2024-06-15,B1063,A,M2,O6,Morning,32.6,21.51,46.74,101.91,72.04,81.71,2,Pass
2024-03-31,B1063,A,M5,O6,Afternoon,18.5,26.86,57.41,101.96,56.36,92.26,0,Pass
2024-07-20,B1063,C,M5,O3,Afternoon,31.6,23.69,51.29,100.4,57.61,86.32,1,Pass
2024-12-11,B1063,A,M4,O9,Morning,26.3,18.03,30.14,100.43,65.23,89.61,0,Pass
2024-01-19,B1063,A,M1,O12,Morning,40.9,21.72,59.4,101.03,64.23,80.6,2,Pass
2024-02-08,B1063,A,M4,O11,Afternoon,32.4,21.26,46.1,101.73,65.47,76.37,0,Pass
2024-05-05,B1063,C,M1,O7,Morning,26.4,18.48,37.3,101.83,40.44,89.5,1,Pass
2024-06-21,B1063,B,M1,O1,Afternoon,33.4,21.69,45.61,101.41,66.68,83.87,2,Pass
2024-05-20,B1064,B,M2,O7,Night,30.5,21.13,30.98,100.63,37.09,96.67,0,Pass
2024-08-29,B1064,A,M3,O5,Night,19.7,20.92,37.5,102.69,69.23,99.82,1,Pass
2024-08-07,B1064,B,M5,O5,Morning,35.2,20.78,51.43,100.44,,89.87,1,Pass
2024-05-05,B1064,B,M4,O2,Morning,27.6,26.41,52.27,102.34,43.58,71.29,2,Pass
2024-02-27,B1064,C,M4,O4,Morning,38.5,20.91,53.06,101.89,63.94,80.83,0,Pass
2024-05-27,B1064,C,M3,O12,Morning,29.3,22.15,50.03,102.32,72.69,84.89,1,Pass
2024-11-12,B1064,A,M2,O6,Afternoon,38.6,21.82,43.07,100.94,54.61,91.25,2,Pass
2024-12-26,B1064,B,M2,O10,Afternoon,32.5,20.48,49.46,101.19,68.08,78.76,2,Pass
2024-01-01,B1064,A,M5,O11,Morning,35.8,22.24,45.63,101.34,26.58,90.97,1,Pass
2024-12-13,B1064,B,M1,O7,Morning,27.0,22.2,33.74,100.92,,100.0,0,Pass
2024-07-08,B1065,A,M5,O11,Morning,32.1,22.24,42.28,101.48,60.36,84.4,0,Pass
2024-07-09,B1065,A,M3,O5,Afternoon,19.6,19.42,58.9,102.56,56.91,89.36,0,Pass
2024-11-07,B1065,A,M3,O9,Morning,29.2,21.38,65.88,100.26,,63.8,1,Fail
2024-04-26,B1065,B,M4,O3,Afternoon,21.1,24.28,56.51,100.77,80.75,75.93,1,Pass
2024-05-13,B1065,A,M3,O1,Morning,23.1,21.46,65.44,100.69,65.83,85.8,0,Pass
2024-02-27,B1065,B,M5,O4,Night,24.7,22.49,50.85,101.22,79.3,86.11,1,Pass
2024-02-13,B1065,A,M5,O9,Night,34.0,22.5,67.42,101.19,41.36,73.21,3,Pass
2024-06-21,B1065,A,M3,O4,Morning,29.1,23.25,70.54,101.92,67.99,84.5,1,Pass
2024-06-08,B1065,B,M2,O2,Morning,30.2,23.68,32.67,101.33,58.42,85.58,0,Pass
2024-06-21,B1065,A,M3,O10,Afternoon,29.0,21.48,52.21,101.54,50.54,79.49,1,Pass
2024-11-12,B1066,A,M5,O5,Morning,36.5,19.27,50.86,101.62,36.86,85.47,0,Pass
2024-10-29,B1066,B,M2,O3,Afternoon,30.0,18.34,45.76,101.5,67.34,85.61,3,Pass
2024-05-28,B1066,A,M4,O12,Night,31.5,25.05,54.92,101.86,70.5,73.24,0,Pass
2024-03-20,B1066,A,M4,O9,Afternoon,26.6,24.31,50.41,101.2,76.1,81.36,0,Pass
2024-07-31,B1066,A,M4,O4,Night,36.9,23.95,42.65,102.62,74.12,83.51,1,Pass
2024-07-21,B1066,C,M1,O6,Morning,37.3,24.43,49.73,103.33,50.74,85.57,0,Pass
2024-09-08,B1066,B,M4,O2,Morning,29.8,21.52,62.05,101.86,75.49,74.8,2,Pass
2024-08-16,B1066,B,M5,O6,Afternoon,26.5,20.13,51.83,101.48,76.76,91.5,2,Pass
2024-06-12,B1066,B,M1,O3,Morning,20.3,,56.27,101.8,56.88,81.73,1,Pass
2024-08-14,B1066,A,M2,O12,Afternoon,24.8,18.73,47.23,100.42,60.34,87.38,0,Pass
2024-05-26,B1067,A,M5,O12,Morning,17.0,25.64,54.52,101.44,48.79,69.31,3,Fail
2024-01-20,B1067,B,M1,O9,Morning,24.5,20.52,37.91,100.71,77.77,85.16,0,Pass
2024-02-16,B1067,A,M5,O11,Night,32.1,25.16,45.0,101.71,41.86,81.32,1,Pass
2024-08-20,B1067,A,M3,O2,Morning,29.7,21.44,48.97,100.72,66.42,83.62,0,Pass
2024-10-31,B1067,A,M2,O12,Night,43.9,19.97,37.24,101.02,52.84,86.17,0,Pass
2024-01-14,B1067,A,M5,O12,Night,27.8,18.72,41.7,99.8,46.71,96.63,0,Pass
2024-05-22,B1067,C,M3,O9,Night,27.3,20.24,53.13,100.36,37.5,83.64,0,Pass
2024-01-01,B1067,A,M3,O5,Afternoon,36.4,26.25,51.3,101.58,57.42,93.14,1,Pass
2024-02-23,B1067,B,M2,O8,Afternoon,18.4,18.75,58.06,100.6,44.82,76.31,1,Pass
2024-09-15,B1067,A,M3,O2,Night,21.1,28.35,43.99,102.15,60.68,74.09,1,Pass
2024-05-23,B1068,C,M1,O6,Morning,34.0,19.48,50.58,100.54,81.23,84.44,0,Pass
2024-01-12,B1068,A,M2,O3,Afternoon,28.8,24.25,43.28,101.66,62.39,83.23,1,Pass
2024-11-25,B1068,A,M5,O12,Afternoon,29.0,,57.06,100.69,83.97,78.64,1,Pass
2024-08-11,B1068,B,M2,O12,Afternoon,24.4,21.04,,101.61,48.21,79.16,0,Pass
2024-09-28,B1068,B,M4,O10,Afternoon,31.4,18.19,54.83,100.07,44.63,80.0,1,Pass
2024-12-23,B1068,A,M2,O5,Morning,25.2,21.7,60.61,100.94,47.68,88.14,1,Pass
2024-06-04,B1068,A,M4,O12,Afternoon,30.4,18.53,,100.62,59.22,86.78,1,Pass
2024-01-08,B1068,A,M1,O8,Night,23.0,16.96,58.06,102.01,92.68,82.9,1,Pass
2024-05-01,B1068,A,M5,O10,Morning,28.9,22.36,50.75,101.67,40.05,87.02,0,Pass
2024-12-13,B1068,A,M3,O1,Night,42.1,20.09,39.75,100.31,67.44,95.68,1,Pass
2024-06-12,B1069,A,M2,O5,Afternoon,27.5,27.05,52.47,101.14,51.6,76.45,2,Pass
2024-03-30,B1069,A,M1,O3,Night,29.2,25.0,40.05,100.68,57.31,78.13,0,Pass
2024-05-15,B1069,A,M1,O4,Afternoon,28.8,27.09,73.39,102.06,44.9,71.83,1,Pass
2024-07-04,B1069,B,M3,O2,Night,31.0,19.96,46.66,102.32,70.55,89.16,0,Pass
2024-11-11,B1069,C,M2,O9,Morning,32.8,22.41,56.45,100.15,59.47,81.3,2,Pass
2024-06-26,B1069,B,M5,O3,Night,31.5,14.14,49.88,101.96,73.05,87.68,3,Pass
2024-01-28,B1069,A,M3,O2,Morning,31.7,21.15,37.66,100.64,62.1,86.77,0,Pass
2024-08-07,B1069,A,M2,O10,Night,28.9,22.3,31.01,101.1,36.82,85.79,0,Pass
2024-12-22,B1069,C,M4,O11,Night,30.6,22.46,57.49,101.33,73.16,74.39,1,Pass
2024-02-10,B1069,A,M4,O9,Morning,28.7,21.87,65.49,102.75,35.84,85.74,1,Pass
2024-08-15,B1070,A,M1,O7,Morning,19.1,22.2,42.65,100.5,37.56,94.1,0,Pass
2024-07-10,B1070,B,M1,O6,Night,45.8,13.86,33.43,101.97,48.99,100.0,1,Pass
2024-05-24,B1070,B,M1,O1,Morning,34.4,22.77,46.75,100.36,49.15,80.86,1,Pass
2024-07-19,B1070,B,M4,O5,Night,24.1,23.45,40.63,100.31,,86.26,0,Pass
2024-07-30,B1070,A,M4,O12,Morning,31.4,26.01,43.5,101.32,57.95,83.85,1,Pass
2024-08-07,B1070,A,M3,O11,Morning,21.9,23.11,56.1,101.32,74.97,86.56,1,Pass
2024-08-27,B1070,C,M5,O11,Night,27.0,21.61,49.5,99.03,53.18,88.38,0,Pass
2024-02-15,B1070,A,M5,O3,Afternoon,21.1,25.31,41.7,102.23,63.81,88.58,1,Pass
2024-02-04,B1070,B,M3,O1,Night,29.7,14.93,55.89,99.59,65.69,99.95,0,Pass
2024-09-09,B1070,B,M5,O4,Morning,20.5,20.46,56.67,101.18,68.35,90.03,0,Pass
2024-03-22,B1071,B,M2,O2,Afternoon,32.3,19.7,46.63,102.36,54.42,93.2,0,Pass
2024-09-12,B1071,A,M1,O2,Afternoon,34.1,21.9,51.38,103.07,55.47,90.58,0,Pass
2024-07-15,B1071,A,M2,O3,Afternoon,25.0,15.4,55.21,101.01,56.42,79.82,1,Pass
2024-10-29,B1071,B,M1,O8,Afternoon,31.0,25.96,54.26,100.15,40.17,89.46,1,Pass
2024-01-10,B1071,C,M3,O8,Afternoon,24.7,21.25,50.41,102.33,58.99,90.91,0,Pass
2024-11-07,B1071,C,M5,O12,Afternoon,33.1,22.96,64.33,101.99,55.4,76.66,2,Pass
2024-10-12,B1071,A,M1,O7,Morning,25.9,22.67,55.83,100.91,66.96,89.23,0,Pass
2024-08-29,B1071,A,M1,O6,Night,34.7,25.79,45.49,100.81,61.1,82.7,1,Pass
2024-09-07,B1071,C,M3,O9,Morning,19.1,16.41,45.55,100.73,76.04,80.69,1,Pass
2024-12-30,B1071,B,M5,O4,Afternoon,24.0,22.34,44.42,101.02,60.84,91.32,1,Pass
2024-01-05,B1072,C,M2,O12,Morning,23.3,25.44,56.32,101.55,53.25,76.9,2,Pass
2024-04-28,B1072,A,M3,O1,Afternoon,31.2,21.71,43.77,100.85,60.69,82.8,0,Pass
2024-10-15,B1072,B,M1,O8,Afternoon,33.3,19.15,45.75,100.95,68.69,91.51,3,Pass
2024-03-05,B1072,B,M1,O7,Morning,31.7,20.19,60.58,101.81,38.72,83.69,0,Pass
2024-05-25,B1072,B,M5,O7,Morning,26.9,20.82,51.92,100.11,51.42,91.55,1,Pass
2024-08-11,B1072,A,M5,O3,Morning,13.2,19.84,61.99,101.0,51.67,91.43,1,Pass
2024-08-26,B1072,A,M1,O4,Afternoon,30.2,21.54,57.98,99.96,64.93,67.94,2,Fail
2024-06-25,B1072,B,M5,O10,Night,34.7,26.52,38.23,101.39,66.33,72.63,0,Pass
2024-09-23,B1072,A,M4,O9,Morning,46.1,20.21,48.98,99.75,61.21,80.85,0,Pass
2024-12-06,B1072,A,M5,O6,Afternoon,27.5,20.54,59.9,102.01,30.26,97.48,0,Pass
2024-10-08,B1073,C,M3,O5,Morning,26.0,23.38,37.78,100.25,40.18,89.26,0,Pass
2024-03-03,B1073,A,M3,O3,Afternoon,31.9,21.48,54.2,99.88,57.13,84.9,0,Pass
2024-08-04,B1073,C,M3,O9,Night,28.5,18.01,49.61,101.01,53.98,85.25,0,Pass
2024-12-07,B1073,A,M4,O5,Morning,37.7,21.82,32.45,102.67,60.06,99.33,0,Pass
2024-11-10,B1073,B,M1,O5,Afternoon,25.2,21.7,51.2,101.87,54.37,90.19,0,Pass
2024-10-09,B1073,C,M1,O4,Morning,28.5,24.93,41.63,99.76,78.38,79.44,1,Pass
2024-06-25,B1073,A,M2,O4,Morning,35.3,19.08,38.32,100.23,32.47,86.85,1,Pass
2024-04-07,B1073,A,M4,O12,Morning,31.9,24.95,50.09,100.98,63.63,80.71,3,Pass
2024-04-14,B1073,A,M2,O1,Morning,37.0,21.71,30.69,103.09,69.94,100.0,0,Pass
2024-04-08,B1073,A,M4,O7,Afternoon,27.4,18.68,43.26,100.55,68.42,95.42,1,Pass
2024-11-06,B1074,B,M5,O9,Afternoon,37.6,,75.51,100.56,69.45,72.5,3,Pass
2024-01-06,B1074,C,M1,O3,Afternoon,20.0,27.8,56.5,102.52,71.17,78.91,0,Pass
2024-07-15,B1074,A,M4,O12,Morning,20.3,21.52,41.19,101.46,52.75,97.46,0,Pass
2024-12-16,B1074,A,M3,O2,Morning,37.7,24.81,64.04,102.14,46.78,72.55,1,Pass
2024-05-12,B1074,A,M5,O3,Afternoon,30.0,16.88,40.08,100.72,35.58,94.88,1,Pass
2024-12-23,B1074,B,M1,O1,Night,35.5,29.91,44.46,101.22,55.65,75.66,2,Pass
2024-09-15,B1074,A,M4,O6,Morning,30.6,24.68,38.51,102.35,50.67,86.95,0,Pass
2024-01-23,B1074,B,M5,O11,Night,30.0,21.23,52.56,101.18,73.94,73.4,3,Pass
2024-02-22,B1074,B,M5,O11,Afternoon,22.0,21.08,63.69,102.2,56.55,85.81,1,Pass
2024-06-13,B1074,B,M4,O7,Afternoon,29.8,24.2,40.01,101.61,47.64,86.48,0,Pass
2024-07-20,B1075,A,M3,O11,Afternoon,38.2,24.03,29.4,100.47,45.74,87.68,1,Pass
2024-03-23,B1075,B,M4,O11,Morning,30.3,22.55,60.91,101.29,,86.83,1,Pass
2024-05-24,B1075,A,M5,O2,Morning,34.1,22.03,65.54,102.09,59.73,77.63,2,Pass
2024-03-25,B1075,A,M3,O8,Afternoon,33.9,23.68,,101.84,50.62,100.0,0,Pass
2024-03-18,B1075,C,M1,O6,Morning,23.9,16.77,54.6,101.27,61.49,86.96,0,Pass
2024-01-01,B1075,B,M5,O4,Night,35.1,,52.27,99.79,82.76,86.96,0,Pass
2024-02-20,B1075,A,M4,O5,Afternoon,28.1,17.06,42.13,99.86,55.32,89.41,1,Pass
2024-06-21,B1075,A,M4,O8,Morning,28.4,23.81,36.06,100.03,68.24,81.02,2,Pass
2024-07-23,B1075,A,M2,O3,Afternoon,42.6,19.97,59.92,100.89,74.24,82.06,2,Pass
2024-09-16,B1075,A,M4,O3,Morning,33.6,17.29,51.79,101.0,37.3,89.84,0,Pass
2024-10-14,B1076,A,M2,O11,Afternoon,26.2,19.62,52.54,100.12,52.34,79.15,1,Pass
2024-02-03,B1076,A,M4,O4,Afternoon,30.4,22.45,43.78,102.12,72.73,87.86,1,Pass
2024-12-13,B1076,A,M1,O1,Night,30.2,21.38,41.98,100.29,51.61,84.86,2,Pass
2024-04-04,B1076,B,M4,O9,Night,40.1,18.48,25.45,100.2,64.98,97.27,0,Pass
2024-03-12,B1076,B,M5,O8,Afternoon,30.2,16.89,47.72,101.37,50.9,98.79,0,Pass
2024-02-08,B1076,B,M1,O8,Afternoon,43.2,22.22,64.39,102.08,54.65,76.16,3,Pass
2024-06-02,B1076,A,M5,O10,Night,22.2,20.26,41.1,102.94,53.19,98.79,0,Pass
2024-09-06,B1076,C,M3,O6,Morning,29.8,21.23,34.78,101.77,67.64,91.24,0,Pass
2024-06-10,B1076,C,M5,O7,Morning,25.4,,54.36,102.56,62.42,90.11,0,Pass
2024-04-27,B1076,C,M4,O6,Morning,27.0,23.29,56.2,100.33,,81.9,1,Pass
2024-09-15,B1077,C,M3,O9,Morning,27.2,24.54,44.14,103.03,90.09,78.79,3,Pass
2024-11-01,B1077,C,M4,O3,Afternoon,25.7,22.44,46.51,99.81,80.88,80.04,3,Pass
2024-09-24,B1077,B,M5,O3,Afternoon,40.4,21.04,52.64,100.9,36.23,82.19,1,Pass
2024-02-23,B1077,A,M3,O3,Afternoon,38.5,22.07,48.44,101.75,54.68,81.98,1,Pass
2024-08-23,B1077,B,M2,O10,Morning,32.4,20.98,60.0,100.02,89.12,76.15,2,Pass
2024-08-09,B1077,B,M4,O3,Afternoon,27.2,17.07,74.37,100.56,53.1,66.12,2,Fail
2024-09-07,B1077,B,M5,O9,Morning,25.9,25.28,32.91,100.43,85.05,93.82,1,Pass
2024-11-08,B1077,B,M4,O12,Afternoon,34.5,24.71,62.3,101.05,54.88,77.53,0,Pass
2024-04-21,B1077,A,M4,O4,Afternoon,31.8,27.97,51.05,102.44,57.19,75.79,0,Pass
2024-09-11,B1077,A,M3,O7,Morning,29.1,28.84,63.88,101.31,70.36,80.68,1,Pass
2024-10-29,B1078,C,M5,O9,Morning,33.2,18.47,57.24,100.93,58.92,84.0,2,Pass
2024-07-25,B1078,B,M1,O11,Morning,35.3,20.99,50.61,98.99,65.94,89.31,1,Pass
2024-08-16,B1078,B,M3,O12,Night,29.1,29.53,57.6,101.67,78.9,67.76,1,Fail
2024-12-06,B1078,A,M1,O7,Night,25.3,21.88,46.06,101.93,69.11,82.62,0,Pass
2024-03-06,B1078,A,M2,O9,Afternoon,22.1,22.73,42.26,99.94,61.7,89.47,2,Pass
2024-03-15,B1078,C,M2,O12,Morning,31.5,17.44,58.11,101.25,80.08,85.93,1,Pass
2024-04-12,B1078,B,M2,O3,Afternoon,43.0,22.45,41.56,101.45,70.52,82.42,2,Pass
2024-07-10,B1078,B,M4,O4,Afternoon,23.3,27.8,56.42,102.07,51.2,82.16,0,Pass
2024-09-08,B1078,A,M2,O8,Night,36.6,25.86,50.31,100.72,83.76,73.77,0,Pass
2024-08-13,B1078,B,M3,O6,Morning,25.9,20.17,26.71,100.6,67.71,98.54,0,Pass
2024-10-20,B1079,A,M2,O5,Morning,27.2,20.81,44.26,100.93,57.44,88.77,0,Pass
2024-11-01,B1079,B,M2,O4,Afternoon,35.5,18.61,53.35,102.33,35.75,84.71,2,Pass
2024-04-07,B1079,A,M2,O8,Morning,28.5,19.45,45.94,102.14,43.47,85.44,1,Pass
2024-12-03,B1079,A,M1,O1,Morning,31.5,16.27,24.53,101.28,80.4,99.34,1,Pass
2024-10-12,B1079,B,M4,O9,Morning,31.4,21.75,63.21,102.12,80.88,72.51,2,Pass
2024-11-30,B1079,C,M4,O1,Afternoon,26.0,26.53,51.69,99.41,61.02,67.84,0,Fail
2024-12-12,B1079,A,M4,O8,Night,35.4,23.07,54.44,101.93,38.76,93.25,0,Pass
2024-11-03,B1079,C,M3,O4,Night,29.6,26.1,,100.4,46.96,96.46,0,Pass
2024-09-05,B1079,A,M2,O9,Afternoon,21.7,25.22,55.31,102.71,40.51,36.23,1,Pass
2024-06-14,B1079,A,M5,O11,Afternoon,24.6,20.36,68.35,100.45,40.08,89.89,0,Pass
2024-11-30,B1080,A,M3,O5,Morning,11.3,19.72,42.65,100.62,84.32,86.08,0,Pass
2024-01-30,B1080,A,M3,O3,Afternoon,30.3,19.84,66.67,101.75,84.72,74.58,2,Pass
2024-09-03,B1080,B,M1,O9,Morning,37.8,16.85,53.99,101.83,46.55,76.14,1,Pass
2024-04-15,B1080,A,M2,O11,Afternoon,23.7,22.1,41.31,100.94,59.9,86.86,0,Pass
2024-02-20,B1080,A,M2,O9,Morning,33.5,13.29,72.12,101.6,44.58,91.9,0,Pass
2024-03-21,B1080,C,M2,O4,Morning,32.6,23.77,53.92,101.7,59.82,79.84,0,Pass
2024-05-12,B1080,A,M3,O11,Morning,25.5,22.22,56.76,101.61,79.67,77.31,3,Pass
2024-10-11,B1080,B,M3,O4,Morning,39.2,23.41,47.31,100.98,72.94,76.52,3,Pass
2024-05-17,B1080,A,M4,O12,Morning,28.4,25.17,42.04,101.7,69.7,81.65,0,Pass
2024-07-02,B1080,B,M4,O8,Morning,42.1,22.6,51.68,102.43,57.67,78.12,2,Pass
2024-11-25,B1081,A,M5,O2,Night,20.2,26.89,65.81,100.32,75.14,86.62,0,Pass
2024-09-29,B1081,A,M4,O9,Afternoon,28.4,23.87,46.9,100.63,67.76,89.67,2,Pass
2024-12-05,B1081,A,M5,O6,Afternoon,29.1,19.73,49.73,101.32,64.85,84.81,2,Pass
2024-03-09,B1081,A,M1,O9,Night,29.8,21.29,64.56,100.46,58.62,77.83,1,Pass
2024-02-03,B1081,A,M1,O8,Night,34.3,15.22,47.0,99.86,63.82,93.81,0,Pass
2024-09-18,B1081,B,M1,O7,Afternoon,50.4,19.29,55.1,102.17,63.46,73.7,1,Pass
2024-02-22,B1081,C,M4,O1,Night,32.7,20.86,58.77,99.52,53.5,70.48,0,Pass
2024-07-23,B1081,C,M5,O12,Morning,30.1,23.64,48.03,100.98,50.7,88.22,1,Pass
2024-05-05,B1081,B,M2,O3,Morning,23.4,19.75,53.1,101.91,48.04,81.8,0,Pass
2024-08-22,B1081,A,M5,O11,Afternoon,18.7,18.26,56.61,101.51,48.81,84.64,1,Pass
2024-02-12,B1082,A,M1,O2,Afternoon,37.0,16.34,45.99,100.99,57.74,85.19,0,Pass
2024-08-27,B1082,A,M5,O5,Afternoon,26.7,20.21,58.16,100.42,55.77,91.63,1,Pass
2024-04-20,B1082,A,M2,O5,Morning,45.6,27.85,44.53,101.58,52.55,85.51,1,Pass
2024-09-05,B1082,B,M1,O5,Morning,35.2,22.81,43.25,100.51,51.66,89.26,0,Pass
2024-05-30,B1082,B,M3,O4,Afternoon,32.0,24.82,34.73,101.51,63.5,85.84,2,Pass
2024-07-01,B1082,A,M2,O5,Morning,32.4,19.3,44.97,101.41,,84.59,0,Pass
2024-12-01,B1082,A,M2,O3,Afternoon,32.4,17.28,41.84,101.42,59.87,75.2,2,Pass
2024-04-04,B1082,C,M2,O12,Afternoon,25.8,18.34,45.99,100.79,59.08,88.61,1,Pass
2024-01-08,B1082,B,M5,O1,Afternoon,19.5,21.71,56.12,102.93,48.78,78.25,0,Pass
2024-12-25,B1082,A,M3,O5,Night,26.7,16.02,32.74,101.59,57.32,100.0,0,Pass
2024-07-02,B1083,C,M2,O9,Night,29.9,18.98,30.25,101.08,74.28,84.03,1,Pass
2024-10-07,B1083,C,M4,O9,Afternoon,26.1,20.24,42.51,101.51,72.45,92.37,0,Pass
2024-07-13,B1083,A,M4,O4,Afternoon,22.3,18.04,54.61,100.68,71.62,80.43,2,Pass
2024-12-17,B1083,A,M2,O3,Afternoon,25.5,15.63,52.89,100.99,71.23,76.2,0,Pass
2024-07-13,B1083,B,M3,O1,Morning,36.2,22.87,42.35,103.21,65.24,89.61,0,Pass
2024-06-03,B1083,C,M1,O2,Morning,34.5,22.14,61.69,100.69,64.81,68.72,5,Fail
2024-04-02,B1083,C,M1,O8,Morning,31.0,24.34,43.42,101.24,62.94,91.97,1,Pass
2024-06-08,B1083,A,M4,O1,Afternoon,33.5,18.67,54.62,100.94,55.0,75.41,1,Pass
2024-03-01,B1083,A,M1,O8,Afternoon,23.2,24.28,46.37,100.47,61.0,91.38,1,Pass
2024-05-01,B1083,B,M3,O7,Night,25.2,26.59,,101.64,62.59,86.4,0,Pass
2024-02-20,B1084,B,M4,O8,Morning,31.9,22.79,43.95,101.33,67.6,88.26,1,Pass
2024-10-03,B1084,A,M1,O12,Morning,24.0,20.17,57.34,102.03,61.2,75.13,0,Pass
2024-01-05,B1084,C,M3,O6,Night,30.7,22.44,53.61,101.95,85.26,89.45,1,Pass
2024-04-01,B1084,B,M2,O12,Morning,22.4,20.03,59.68,102.02,45.48,84.89,0,Pass
2024-06-18,B1084,C,M5,O9,Afternoon,20.1,19.53,53.61,100.57,69.05,88.67,0,Pass
2024-11-12,B1084,C,M3,O3,Afternoon,34.4,24.05,33.89,101.81,59.51,99.59,0,Pass
2024-01-22,B1084,B,M5,O10,Afternoon,36.2,21.58,71.14,101.83,60.03,74.38,3,Pass
2024-11-21,B1084,A,M3,O4,Morning,26.2,25.62,53.75,100.48,50.25,90.47,0,Pass
2024-01-01,B1084,B,M1,O6,Morning,20.9,20.67,55.15,101.05,72.23,87.56,1,Pass
2024-05-12,B1084,A,M4,O8,Morning,16.7,20.98,46.23,100.14,67.83,85.39,3,Pass
2024-08-20,B1085,B,M5,O5,Afternoon,41.1,20.3,61.13,101.84,70.0,82.69,1,Pass
2024-01-12,B1085,A,M4,O3,Afternoon,30.7,18.64,39.07,101.83,62.03,85.68,0,Pass
2024-12-11,B1085,B,M5,O6,Morning,26.4,24.44,56.1,102.44,56.1,87.76,1,Pass
2024-02-15,B1085,A,M5,O4,Afternoon,27.8,28.56,29.2,101.12,59.2,85.72,0,Pass
2024-02-03,B1085,A,M2,O9,Night,18.5,20.85,56.77,101.66,65.2,82.69,0,Pass
2024-03-18,B1085,A,M2,O3,Morning,33.7,19.96,39.2,102.09,35.93,87.87,0,Pass
2024-08-05,B1085,A,M4,O4,Afternoon,42.0,19.76,52.77,100.7,70.48,83.87,1,Pass
2024-10-27,B1085,B,M3,O7,Afternoon,25.3,19.96,63.57,100.58,89.11,92.54,0,Pass
2024-03-13,B1085,B,M5,O7,Morning,44.3,26.95,58.23,100.72,65.76,82.32,0,Pass
2024-10-08,B1085,B,M5,O12,Morning,29.3,19.84,62.24,101.02,56.63,73.17,1,Pass
2024-09-05,B1086,A,M2,O12,Afternoon,40.0,20.24,61.21,100.6,58.07,74.98,0,Pass
2024-02-16,B1086,A,M2,O4,Night,31.8,18.28,44.76,100.76,68.49,92.39,0,Pass
2024-04-30,B1086,A,M4,O6,Night,31.8,22.88,55.98,102.0,56.9,79.59,2,Pass
2024-08-01,B1086,A,M2,O12,Afternoon,41.1,21.8,32.75,101.22,70.42,82.5,1,Pass
2024-08-26,B1086,C,M5,O3,Afternoon,34.7,18.59,43.13,101.55,57.91,85.99,1,Pass
2024-02-25,B1086,A,M3,O6,Morning,32.2,19.32,63.93,100.86,80.57,87.85,1,Pass
2024-12-15,B1086,A,M4,O12,Afternoon,18.4,26.6,46.15,100.81,80.24,79.76,1,Pass
2024-04-16,B1086,A,M1,O2,Afternoon,21.0,22.1,31.32,101.53,56.04,99.54,0,Pass
2024-11-14,B1086,A,M4,O8,Morning,32.8,22.31,70.14,101.4,59.03,84.41,0,Pass
2024-02-17,B1086,B,M3,O2,Afternoon,38.8,22.32,55.62,101.92,59.73,78.99,0,Pass
2024-03-01,B1087,B,M3,O11,Afternoon,30.8,26.18,57.64,102.34,59.89,79.57,0,Pass
2024-12-02,B1087,A,M1,O7,Morning,26.5,18.86,40.2,100.75,48.63,91.1,0,Pass
2024-01-26,B1087,A,M4,O9,Night,19.0,20.81,52.84,101.99,46.95,88.66,1,Pass
2024-10-18,B1087,A,M5,O1,Morning,25.3,21.49,52.58,100.44,75.0,78.25,1,Pass
2024-09-13,B1087,A,M2,O8,Morning,30.8,16.84,41.79,102.96,73.08,89.33,2,Pass
2024-01-08,B1087,A,M1,O7,Morning,24.9,19.25,48.3,100.67,72.87,92.59,1,Pass
2024-04-22,B1087,C,M1,O6,Night,24.2,25.14,35.0,101.85,,93.54,1,Pass
2024-12-20,B1087,B,M4,O6,Afternoon,29.7,24.28,46.53,100.43,82.7,75.82,2,Pass
2024-09-09,B1087,B,M4,O6,Morning,38.7,24.81,59.74,101.18,59.73,77.05,3,Pass
2024-06-28,B1087,A,M3,O9,Afternoon,34.1,20.23,42.53,102.54,70.35,88.19,1,Pass
2024-07-25,B1088,A,M2,O2,Morning,31.7,20.6,69.07,100.65,43.34,80.23,2,Pass
2024-10-29,B1088,B,M2,O1,Night,31.1,16.64,35.64,103.06,57.24,84.53,1,Pass
2024-05-06,B1088,B,M3,O12,Afternoon,33.3,24.8,47.4,101.3,58.13,79.67,0,Pass
2024-02-25,B1088,B,M3,O6,Afternoon,29.3,25.29,43.44,102.08,59.21,85.15,0,Pass
2024-08-01,B1088,A,M5,O10,Night,27.5,25.25,48.2,101.62,44.09,82.14,0,Pass
2024-01-14,B1088,B,M1,O11,Morning,34.4,26.81,63.71,101.67,68.45,78.46,1,Pass
2024-01-28,B1088,A,M4,O8,Morning,28.6,23.27,40.16,100.16,72.34,80.31,2,Pass
2024-03-18,B1088,C,M3,O3,Afternoon,22.9,26.67,45.49,100.92,51.07,81.03,0,Pass
2024-08-03,B1088,B,M3,O12,Night,38.7,21.4,56.55,102.26,46.23,80.66,2,Pass
2024-12-30,B1088,B,M4,O10,Morning,18.8,16.7,50.93,101.02,50.77,85.29,1,Pass
2024-06-02,B1089,A,M4,O1,Morning,39.1,24.58,51.75,101.41,65.95,79.22,1,Pass
2024-01-14,B1089,B,M5,O9,Morning,33.0,16.59,40.35,100.06,52.84,96.65,0,Pass
2024-07-05,B1089,A,M1,O1,Afternoon,24.2,22.51,49.28,100.87,58.39,92.32,1,Pass
2024-11-07,B1089,A,M1,O3,Morning,30.1,24.87,61.32,102.2,47.12,67.77,0,Fail
2024-01-07,B1089,A,M4,O8,Afternoon,27.4,22.97,33.9,100.27,83.75,90.76,2,Pass
2024-01-03,B1089,B,M3,O3,Night,34.8,28.83,43.03,101.87,60.88,83.09,1,Pass
2024-04-20,B1089,A,M2,O4,Afternoon,34.7,16.1,31.84,101.44,73.8,95.89,0,Pass
2024-08-25,B1089,A,M1,O8,Morning,32.8,21.75,55.37,101.11,65.92,78.93,0,Pass
2024-12-28,B1089,C,M1,O1,Afternoon,34.5,22.05,62.25,101.08,,70.16,0,Pass
2024-08-26,B1089,A,M5,O6,Morning,29.3,17.97,48.17,100.91,58.88,88.78,0,Pass
2024-09-30,B1090,B,M1,O1,Night,40.6,18.54,39.94,100.98,51.3,100.0,0,Pass
2024-10-20,B1090,A,M2,O1,Afternoon,37.3,19.46,40.24,102.04,54.59,81.89,0,Pass
2024-08-14,B1090,A,M2,O8,Morning,27.1,18.7,47.03,100.95,47.91,94.47,0,Pass
2024-01-15,B1090,B,M2,O11,Afternoon,34.9,21.68,46.99,102.75,46.6,84.31,0,Pass
2024-07-10,B1090,A,M1,O4,Afternoon,34.3,20.19,59.12,101.54,85.04,80.01,0,Pass
2024-04-28,B1090,A,M3,O12,Afternoon,28.4,22.95,43.31,100.84,63.35,89.84,0,Pass
2024-01-28,B1090,B,M1,O1,Morning,28.0,23.95,54.35,102.08,77.59,84.48,0,Pass
2024-07-20,B1090,B,M5,O10,Night,37.3,23.75,46.95,101.8,50.47,80.54,2,Pass
2024-02-08,B1090,B,M2,O7,Night,29.9,20.77,42.55,99.98,44.98,83.7,1,Pass
2024-09-29,B1090,A,M3,O5,Afternoon,31.6,22.85,46.7,100.47,48.27,95.73,0,Pass
2024-08-18,B1091,A,M5,O5,Night,38.4,25.11,53.37,101.21,54.94,77.96,0,Pass
2024-03-26,B1091,B,M4,O1,Morning,45.2,23.34,59.15,100.03,60.44,70.04,3,Pass
2024-05-05,B1091,B,M3,O10,Afternoon,26.8,27.58,47.48,102.97,58.19,89.38,0,Pass
2024-10-26,B1091,C,M2,O11,Afternoon,28.7,24.95,37.96,101.96,50.72,95.3,0,Pass
2024-01-25,B1091,C,M2,O6,Afternoon,30.4,27.16,60.0,101.29,61.05,72.73,2,Pass
2024-05-24,B1091,C,M4,O9,Afternoon,30.6,14.52,,101.03,62.1,95.23,0,Pass
2024-01-13,B1091,A,M5,O9,Morning,32.3,22.29,52.61,100.82,68.43,87.7,2,Pass
2024-07-30,B1091,A,M4,O8,Morning,27.1,21.03,49.75,99.73,77.65,88.62,0,Pass
2024-01-25,B1091,B,M3,O5,Morning,22.4,21.63,48.41,99.91,55.63,96.94,0,Pass
2024-03-08,B1091,A,M4,O1,Morning,40.5,19.59,45.13,102.82,74.59,82.52,2,Pass
2024-03-07,B1092,A,M3,O9,Afternoon,33.7,23.19,56.2,102.56,60.79,81.59,1,Pass
2024-08-20,B1092,C,M1,O1,Morning,27.5,,14.18,100.84,41.67,95.44,0,Pass
2024-04-18,B1092,C,M3,O8,Morning,32.6,23.21,61.36,102.03,81.4,74.98,1,Pass
2024-05-25,B1092,A,M5,O5,Afternoon,41.0,19.68,40.87,101.71,87.27,85.07,0,Pass
2024-04-20,B1092,A,M1,O3,Afternoon,25.3,20.5,54.08,101.8,67.43,81.91,3,Pass
2024-08-15,B1092,A,M4,O11,Night,31.3,23.32,53.55,100.16,61.08,71.02,2,Pass
2024-04-20,B1092,C,M2,O7,Afternoon,21.7,22.24,62.75,99.85,56.74,77.28,0,Pass
2024-02-03,B1092,C,M3,O7,Morning,29.3,25.16,51.98,102.25,54.43,88.34,0,Pass
2024-04-20,B1092,A,M1,O9,Night,33.7,19.09,41.71,99.72,74.53,86.98,0,Pass
2024-09-20,B1092,A,M3,O7,Afternoon,23.3,21.76,33.95,101.18,59.79,98.94,1,Pass
2024-08-23,B1093,C,M4,O11,Morning,28.9,24.67,46.51,101.01,80.09,74.28,1,Pass
2024-03-23,B1093,A,M2,O3,Afternoon,34.8,23.08,30.42,100.93,60.42,96.5,0,Pass
2024-02-11,B1093,B,M4,O11,Night,33.5,23.28,43.72,101.55,55.05,68.81,1,Fail
2024-04-10,B1093,C,M4,O1,Morning,23.1,25.32,47.07,100.76,52.78,83.07,1,Pass
2024-01-06,B1093,A,M5,O8,Morning,32.2,20.78,43.1,101.62,51.08,93.78,0,Pass
2024-06-28,B1093,B,M2,O12,Morning,33.4,20.15,50.42,101.41,66.17,74.85,4,Pass
2024-10-08,B1093,A,M2,O3,Morning,30.6,23.73,47.64,102.98,44.47,90.28,0,Pass
2024-11-15,B1093,A,M1,O12,Afternoon,36.5,21.55,46.72,100.19,50.18,92.02,2,Pass
2024-08-13,B1093,C,M5,O8,Afternoon,26.5,25.37,25.76,101.32,75.89,92.11,0,Pass
2024-11-10,B1093,A,M5,O8,Morning,32.5,23.11,37.05,101.65,48.55,96.62,0,Pass
2024-12-30,B1094,C,M3,O5,Night,23.0,20.13,56.43,101.09,70.35,80.93,1,Pass
2024-08-16,B1094,B,M5,O12,Night,20.4,23.02,58.04,100.23,35.24,80.05,1,Pass
2024-10-15,B1094,A,M3,O1,Afternoon,34.7,19.29,,102.31,77.4,98.54,1,Pass
2024-05-29,B1094,A,M4,O10,Night,30.1,24.84,41.85,101.57,44.76,80.18,0,Pass
2024-10-03,B1094,A,M1,O7,Morning,27.2,17.81,60.72,100.29,49.48,86.9,0,Pass
2024-07-16,B1094,A,M4,O12,Afternoon,23.6,25.67,42.82,101.65,68.16,80.53,0,Pass
2024-03-10,B1094,A,M1,O10,Afternoon,35.0,22.96,48.89,102.66,63.24,85.57,1,Pass
2024-04-21,B1094,A,M5,O5,Night,21.0,21.51,64.42,101.27,70.74,89.91,0,Pass
2024-01-04,B1094,A,M4,O8,Night,36.0,24.29,46.38,101.3,44.66,79.85,2,Pass
2024-12-15,B1094,B,M4,O9,Morning,32.7,23.53,44.95,102.55,56.56,82.68,0,Pass
2024-11-26,B1095,B,M1,O11,Night,21.3,25.99,48.43,100.52,52.6,83.72,1,Pass
2024-11-13,B1095,B,M2,O7,Morning,30.8,25.96,68.53,102.68,46.68,73.01,3,Pass
2024-12-15,B1095,A,M2,O7,Night,45.9,23.06,54.46,102.08,67.15,75.85,4,Pass
2024-04-04,B1095,A,M2,O1,Night,37.1,19.38,50.19,100.56,71.32,86.63,0,Pass
2024-05-31,B1095,B,M1,O4,Morning,25.0,20.38,44.76,100.77,55.96,84.36,2,Pass
2024-11-06,B1095,A,M5,O2,Afternoon,34.3,21.79,55.39,100.88,78.27,74.38,0,Pass
2024-05-16,B1095,A,M3,O2,Morning,21.5,25.25,56.6,99.83,50.57,80.3,1,Pass
2024-09-03,B1095,C,M2,O2,Afternoon,21.8,20.63,39.27,101.51,77.98,81.11,1,Pass
2024-08-30,B1095,B,M2,O4,Afternoon,29.6,20.88,56.87,100.6,66.75,78.57,1,Pass
2024-01-31,B1095,B,M3,O1,Afternoon,33.3,27.55,48.49,101.54,45.32,87.31,0,Pass
2024-02-09,B1096,A,M4,O4,Night,34.9,21.69,50.25,100.27,83.78,74.33,0,Pass
2024-08-16,B1096,B,M3,O2,Afternoon,35.0,20.1,41.16,102.04,54.67,100.0,0,Pass
2024-02-05,B1096,B,M5,O5,Afternoon,33.0,24.33,46.0,101.89,74.46,89.31,0,Pass
2024-08-10,B1096,B,M3,O3,Night,20.3,21.83,39.7,100.74,61.75,93.14,0,Pass
2024-01-06,B1096,B,M5,O12,Night,29.6,17.83,39.22,101.59,64.49,94.0,0,Pass
2024-11-17,B1096,C,M5,O8,Morning,35.8,25.12,53.77,101.37,70.81,83.87,0,Pass
2024-08-07,B1096,B,M2,O4,Night,32.7,19.76,46.45,102.49,70.15,85.28,0,Pass
2024-03-15,B1096,A,M5,O1,Morning,31.1,,37.0,100.47,55.89,77.34,4,Pass
2024-01-04,B1096,B,M1,O1,Night,32.0,21.8,71.77,101.18,66.38,78.62,1,Pass
2024-11-30,B1096,B,M5,O12,Morning,31.9,22.69,38.75,100.79,65.48,85.03,1,Pass
2024-05-13,B1097,B,M2,O10,Morning,18.2,15.43,60.92,101.34,62.56,76.85,1,Pass
2024-04-27,B1097,A,M5,O3,Afternoon,36.9,20.99,35.24,101.73,57.56,89.52,1,Pass
2024-04-03,B1097,A,M5,O9,Afternoon,29.3,25.37,54.57,100.78,62.54,73.97,1,Pass
2024-03-02,B1097,C,M5,O7,Morning,34.2,25.8,47.49,101.01,83.61,92.79,0,Pass
2024-07-12,B1097,B,M4,O2,Morning,16.2,19.03,43.71,102.07,56.46,92.8,0,Pass
2024-11-30,B1097,C,M2,O9,Afternoon,40.0,24.76,51.97,102.39,74.48,74.9,1,Pass
2024-07-21,B1097,B,M1,O10,Night,23.1,,50.62,101.69,52.56,92.95,1,Pass
2024-01-26,B1097,B,M3,O2,Morning,45.2,20.88,41.88,101.19,49.42,91.82,1,Pass
2024-06-21,B1097,B,M1,O3,Morning,42.7,21.03,41.42,101.11,99.32,73.9,2,Pass
2024-10-26,B1097,C,M4,O11,Afternoon,22.1,22.33,34.26,101.74,66.48,82.46,1,Pass
2024-05-12,B1098,B,M2,O10,Morning,34.9,25.0,53.06,101.48,66.81,71.76,1,Pass
2024-11-21,B1098,B,M5,O2,Night,23.9,22.79,37.46,99.98,67.14,87.03,0,Pass
2024-04-27,B1098,A,M4,O3,Night,26.2,21.62,50.04,101.76,76.89,82.0,2,Pass
2024-11-19,B1098,A,M5,O6,Afternoon,26.3,24.9,55.92,100.61,64.89,87.24,0,Pass
2024-10-01,B1098,B,M1,O9,Morning,32.7,19.59,52.08,100.17,69.79,86.06,0,Pass
2024-07-30,B1098,A,M5,O9,Night,31.9,21.77,42.77,99.97,47.3,93.22,0,Pass
2024-08-12,B1098,A,M5,O7,Afternoon,22.8,24.99,59.09,101.13,71.81,79.8,2,Pass
2024-01-20,B1098,A,M3,O12,Night,32.6,23.59,45.92,100.49,57.16,91.08,0,Pass
2024-04-22,B1098,A,M4,O3,Afternoon,28.8,20.6,36.66,99.44,68.06,89.42,1,Pass
2024-05-19,B1098,A,M4,O4,Night,19.1,17.46,47.16,101.01,39.42,79.61,1,Pass
2024-02-16,B1099,A,M1,O6,Afternoon,27.4,22.93,55.87,100.91,67.56,93.07,0,Pass
2024-01-01,B1099,C,M3,O11,Afternoon,40.0,17.26,43.26,101.18,33.1,94.68,0,Pass
2024-03-30,B1099,B,M2,O5,Night,27.6,21.36,58.78,100.8,56.69,83.55,0,Pass
2024-05-21,B1099,A,M1,O2,Afternoon,19.0,25.54,42.3,102.76,39.53,76.5,0,Pass
2024-11-15,B1099,A,M2,O6,Afternoon,34.9,23.79,43.66,101.71,67.6,84.03,0,Pass
2024-02-07,B1099,B,M1,O3,Morning,24.4,15.93,39.54,100.9,60.83,89.75,0,Pass
2024-10-19,B1099,A,M1,O8,Afternoon,31.3,22.6,56.84,101.25,50.75,77.37,0,Pass
2024-05-18,B1099,C,M1,O2,Afternoon,29.0,21.04,49.47,102.43,77.21,90.09,0,Pass
2024-12-21,B1099,B,M5,O1,Morning,40.6,18.18,40.2,102.07,49.24,87.84,1,Pass
2024-11-28,B1099,B,M3,O9,Morning,29.0,23.01,46.04,100.18,23.63,85.73,1,Pass
